,_1,_2,_3,_4,_5,_6,_7,_8
0,1007,MA,42.3,-72.4,1,820204,25,015
1,1060,MA,42.33,-72.63,1,821904,25,015
2,1089,MA,42.12,-72.64,1,812404,25,013
3,1453,MA,42.52,-71.77,1,709100,25,027
4,1532,MA,42.32,-71.63,1,740102,25,027
5,1540,MA,42.12,-71.85,1,753100,25,027
6,1720,MA,42.49,-71.44,1,363103,25,017
7,1754,MA,42.43,-71.45,1,364102,25,017
8,1770,MA,42.23,-71.37,1,386100,25,017
9,1776,MA,42.39,-71.42,1,365100,25,017
10,1833,MA,42.72,-70.98,3,265102,25,009
11,1886,MA,42.59,-71.44,1,318300,25,017
12,1890,MA,42.45,-71.15,1,338300,25,017
13,1906,MA,42.47,-71.01,4,208300,25,009
14,2131,MA,42.28,-71.12,1,110403,25,025
15,2138,MA,42.38,-71.13,1,354200,25,017
16,2145,MA,42.39,-71.09,1,350200,25,017
17,2210,MA,42.35,-71.04,1,060600,25,025
18,2421,MA,42.44,-71.23,3,358400,25,017
19,2459,MA,42.31,-71.19,1,373900,25,017
20,2467,MA,42.32,-71.16,1,401200,25,021
21,2492,MA,42.28,-71.25,1,403400,25,021
22,2540,MA,41.57,-70.63,1,014900,25,001
23,2563,MA,41.72,-70.48,1,013600,25,001
24,2813,RI,41.4,-71.66,2,051101,44,009
25,2838,RI,41.97,-71.47,3,011500,44,007
26,2906,RI,41.84,-71.39,1,003400,44,007
27,3033,NH,42.75,-71.67,1,018000,33,011
28,3819,NH,42.93,-71.12,1,053000,33,015
29,5048,VT,43.57,-72.42,4,965700,50,027
30,5444,VT,44.6,-72.9,1,002900,50,007
31,6351,CT,41.58,-71.96,2,709100,09,011
32,6410,CT,41.51,-72.91,1,343102,09,009
33,6441,CT,41.46,-72.57,1,590100,09,007
34,6488,CT,41.49,-73.23,4,348125,09,009
35,6611,CT,41.26,-73.21,4,090700,09,001
36,6810,CT,41.38,-73.47,2,210600,09,001
37,7047,NJ,40.79,-74.02,1,015500,34,017
38,7076,NJ,40.64,-74.37,1,038601,34,039
39,7079,NJ,40.75,-74.26,2,019300,34,013
40,7110,NJ,40.82,-74.16,2,013800,34,013
41,7423,NJ,41.0,-74.1,1,027000,34,003
42,7666,NJ,40.89,-74.01,1,054500,34,003
43,7750,NJ,40.33,-73.99,1,804100,34,025
44,7920,NJ,40.68,-74.54,1,052603,34,035
45,8081,NJ,39.74,-74.97,2,609203,34,007
46,8205,NJ,39.49,-74.47,1,010501,34,001
47,8505,NJ,40.1,-74.7,1,701401,34,005
48,8510,NJ,40.18,-74.42,1,812501,34,025
49,8540,NJ,40.4,-74.7,2,054201,34,035
50,8742,NJ,40.08,-74.06,2,711100,34,029
51,8820,NJ,40.58,-74.37,1,001413,34,023
52,8822,NJ,40.5,-74.9,2,011302,34,019
53,8846,NJ,40.57,-74.5,1,000200,34,023
54,8904,NJ,40.5,-74.43,3,001100,34,023
55,10013,NY,40.72,-74.01,1,003900,36,061
56,10306,NY,40.57,-74.13,1,013800,36,085
57,10314,NY,40.6,-74.15,1,027301,36,085
58,10467,NY,40.88,-73.87,1,043500,36,005
59,10522,NY,41.01,-73.87,2,010500,36,119
60,10583,NY,40.99,-73.79,1,009900,36,119
61,10950,NY,41.3,-74.2,1,014202,36,071
62,10952,NY,41.12,-74.09,1,011602,36,087
63,11021,NY,40.79,-73.73,1,300700,36,059
64,11109,NY,40.744,-73.956,2,000700,36,081
65,11201,NY,40.7,-73.99,1,001300,36,047
66,11215,NY,40.67,-73.98,2,015500,36,047
67,11217,NY,40.68,-73.98,1,012901,36,047
68,11231,NY,40.68,-74.0,2,006500,36,047
69,11233,NY,40.68,-73.92,4,037900,36,047
70,11237,NY,40.7,-73.92,1,043100,36,047
71,11238,NY,40.68,-73.96,2,030500,36,047
72,11520,NY,40.64,-73.58,1,414502,36,059
73,11961,NY,40.89,-72.88,1,158710,36,103
74,11971,NY,41.06,-72.43,1,170201,36,103
75,12159,NY,42.65,-73.88,1,014501,36,001
76,12304,NY,42.78,-73.9,1,021800,36,093
77,12946,NY,44.2,-74.0,1,960598,36,031
78,13066,NY,43.04,-76.0,1,015000,36,067
79,13210,NY,43.03,-76.13,1,005500,36,067
80,13224,NY,43.03,-76.1,1,014700,36,067
81,13357,NY,42.97,-75.08,1,010100,36,043
82,13827,NY,42.1,-76.3,1,020600,36,107
83,13905,NY,42.2,-76.0,1,010200,36,007
84,14062,NY,42.4,-79.2,1,036100,36,013
85,14072,NY,43.01,-78.96,1,007304,36,029
86,14226,NY,42.98,-78.79,1,009200,36,029
87,14428,NY,43.1,-77.9,1,015000,36,055
88,14450,NY,43.1,-77.43,1,011703,36,055
89,14580,NY,43.22,-77.45,1,011205,36,055
90,14625,NY,43.15,-77.51,1,011604,36,055
91,14850,NY,42.4,-76.5,5,001100,36,109
92,14882,NY,42.6,-76.6,1,002300,36,109
93,15010,PA,40.8,-80.4,4,605300,42,007
94,15061,PA,40.66,-80.34,1,605500,42,007
95,15090,PA,40.63,-80.08,1,410000,42,003
96,15102,PA,40.32,-80.04,1,475301,42,003
97,15137,PA,40.38,-79.81,2,564400,42,003
98,15202,PA,40.5,-80.08,1,461000,42,003
99,15220,PA,40.44,-80.04,1,562600,42,003
100,15222,PA,40.45,-79.99,1,020300,42,003
101,15228,PA,40.37,-80.05,1,473500,42,003
102,15234,PA,40.37,-80.02,1,476100,42,003
103,15701,PA,40.6,-79.1,1,960800,42,063
104,16002,PA,40.8,-79.9,2,911600,42,019
105,16602,PA,40.51,-78.37,1,010600,42,013
106,16870,PA,40.8,-78.1,1,010500,42,027
107,17112,PA,40.4,-76.8,1,024600,42,043
108,17325,PA,39.8,-77.2,1,031201,42,001
109,17543,PA,40.2,-76.3,1,010201,42,071
110,17728,PA,41.4,-77.1,1,010400,42,081
111,17754,PA,41.29,-76.88,1,010500,42,081
112,17870,PA,40.82,-76.88,1,070200,42,109
113,18036,PA,40.5,-75.4,2,006905,42,077
114,18042,PA,40.65,-75.22,1,018100,42,095
115,18103,PA,40.57,-75.48,1,001402,42,077
116,18902,PA,40.36,-75.11,1,104203,42,017
117,18947,PA,40.43,-75.12,1,104201,42,017
118,18974,PA,40.21,-75.07,1,106200,42,017
119,19010,PA,40.02,-75.33,1,409601,42,045
120,19067,PA,40.2,-74.81,2,105801,42,017
121,19075,PA,40.12,-75.19,1,210100,42,091
122,19143,PA,39.94,-75.22,1,007400,42,101
123,19446,PA,40.23,-75.29,1,201004,42,091
124,19803,DE,39.8,-75.53,1,011400,10,003
125,19958,DE,38.7,-75.2,2,051005,10,005
126,20002,DC,38.91,-76.98,3,008804,11,001
127,20003,DC,38.88,-76.99,3,007100,11,001
128,20003,FL,38.88,-76.99,4,007100,11,001
129,20011,DC,38.95,-77.02,1,002201,11,001
130,20016,DC,38.94,-77.09,1,000901,11,001
131,20170,VA,38.98,-77.38,2,480801,51,059
132,20186,VA,38.7,-77.8,1,930302,51,061
133,20187,VA,38.7,-77.7,2,930403,51,061
134,20607,MD,38.66,-77.01,1,801310,24,033
135,20815,MD,38.98,-77.08,2,705400,24,031
136,20817,MD,39.0,-77.16,6,706013,24,031
137,20850,MD,39.09,-77.19,2,701006,24,031
138,20854,MD,39.0,-77.2,2,706009,24,031
139,20855,MD,39.14,-77.13,1,701307,24,031
140,20902,MD,39.04,-77.04,1,703209,24,031
141,20904,MD,39.07,-76.98,2,701415,24,031
142,21014,MD,39.54,-76.35,4,303803,24,025
143,21015,MD,39.6,-76.3,1,303101,24,025
144,21045,MD,39.21,-76.83,3,606604,24,027
145,21046,MD,39.17,-76.84,1,606707,24,027
146,21048,MD,39.49,-76.91,1,504201,24,013
147,21093,MD,39.44,-76.64,1,408703,24,005
148,21114,MD,39.01,-76.68,1,702206,24,003
149,21120,MD,39.6,-76.7,1,407001,24,005
150,21229,MD,39.28,-76.69,1,250102,24,510
151,21230,MD,39.26,-76.62,1,230300,24,510
152,21409,MD,39.02,-76.45,1,730902,24,003
153,21601,MD,38.8,-76.0,2,960100,24,041
154,21702,MD,39.5,-77.5,1,770700,24,021
155,21704,MD,39.34,-77.38,1,752204,24,021
156,21740,MD,39.6,-77.7,1,011100,24,043
157,21773,MD,39.54,-77.56,1,752802,24,021
158,21921,MD,39.6,-75.9,2,030903,24,015
159,22043,VA,38.9,-77.19,2,471000,51,059
160,22101,VA,38.94,-77.16,6,470400,51,059
161,22124,VA,38.89,-77.33,4,481600,51,059
162,22151,VA,38.8,-77.21,6,430500,51,059
163,22153,VA,38.74,-77.23,10,432600,51,059
164,22180,VA,38.9,-77.25,1,460800,51,059
165,22201,VA,38.89,-77.1,4,101500,51,013
166,22304,VA,38.81,-77.13,1,200405,51,510
167,22305,VA,38.84,-77.06,1,201203,51,510
168,22308,VA,38.75,-77.06,1,415500,51,059
169,22315,VA,38.75,-77.15,1,421103,51,059
170,22485,VA,38.3,-77.2,1,040300,51,099
171,22553,VA,38.3,-77.6,1,020106,51,177
172,22655,VA,39.06,-78.23,1,050801,51,069
173,22901,AZ,38.1,-78.6,1,010100,51,003
174,22923,VA,38.2,-78.3,1,110300,51,137
175,22980,VA,38.1,-78.9,1,070600,51,015
176,23059,VA,37.7,-77.5,1,200406,51,087
177,23060,VA,37.66,-77.53,1,200413,51,087
178,23112,VA,37.44,-77.68,1,100912,51,041
179,23185,VA,37.2,-76.7,1,860100,51,181
180,23225,VA,37.52,-77.5,5,071100,51,760
181,23235,VA,37.54,-77.57,1,070100,51,760
182,23322,VA,36.6,-76.3,2,021200,51,550
183,23451,VA,36.86,-76.03,1,044402,51,810
184,23505,VA,36.93,-76.29,1,000902,51,710
185,23507,VA,36.87,-76.31,1,003800,51,710
186,24012,VA,37.32,-79.9,1,031202,51,161
187,24401,VA,38.1,-79.1,1,070900,51,015
188,24459,VA,38.0,-79.3,1,071000,51,015
189,24502,VA,37.36,-79.21,2,001600,51,680
190,24874,WV,37.6,-81.5,1,003100,54,109
191,26062,WV,40.42,-80.57,1,020700,54,029
192,26105,WV,39.33,-81.51,1,010102,54,107
193,26508,WV,39.6,-79.9,1,011803,54,061
194,27012,NC,36.01,-80.37,1,004015,37,067
195,27104,NC,36.1,-80.32,1,003906,37,067
196,27455,NC,36.18,-79.82,1,015600,37,081
197,27502,NC,35.7,-78.9,1,053413,37,183
198,27513,NC,35.8,-78.8,4,053522,37,183
199,27516,NC,35.9,-79.2,2,011203,37,135
200,27519,NC,35.81,-78.89,1,053411,37,183
201,27539,NC,35.7,-78.8,1,053421,37,183
202,27703,NC,35.94,-78.8,1,001808,37,063
203,27858,NC,35.5,-77.3,1,001100,37,147
204,28027,NC,35.4,-80.7,1,041303,37,025
205,28031,NC,35.47,-80.89,3,006208,37,119
206,28036,NC,35.48,-80.8,3,006404,37,119
207,28056,NC,35.2,-81.1,1,033307,37,071
208,28078,NC,35.4,-80.9,1,006214,37,119
209,28104,NC,35.1,-80.7,1,005835,37,119
210,28117,NC,35.57,-80.89,2,061405,37,097
211,28203,NC,35.21,-80.86,4,003400,37,119
212,28226,NC,35.11,-80.83,1,003008,37,119
213,28278,NC,35.1,-81.0,2,005910,37,119
214,28692,NC,36.3,-81.8,1,920200,37,189
215,28704,NC,35.46,-82.57,1,002301,37,021
216,28705,NC,36.0,-82.2,1,950200,37,121
217,28714,NC,35.9,-82.3,1,960300,37,199
218,28779,NC,35.3,-83.2,1,950600,37,099
219,28787,NC,35.7,-82.5,1,002703,37,021
220,28805,NC,35.62,-82.49,2,003001,37,021
221,29401,SC,32.78,-79.93,1,005100,45,019
222,29464,SC,32.82,-79.86,1,004606,45,019
223,29576,SC,33.56,-79.08,1,920502,45,043
224,29607,SC,34.84,-82.38,1,004300,45,045
225,29617,SC,34.91,-82.47,2,003701,45,045
226,29651,SC,34.9,-82.2,2,023202,45,083
227,29681,SC,34.76,-82.22,2,003009,45,045
228,29902,SC,32.38,-80.7,2,000800,45,013
229,30067,GA,33.93,-84.46,2,030320,13,067
230,30124,GA,34.14,-85.35,1,002000,13,115
231,30145,GA,34.2,-85.0,1,961000,13,015
232,30284,GA,33.41,-84.3,1,070501,13,151
233,30309,GA,33.8,-84.39,1,000500,13,121
234,30319,GA,33.86,-84.35,2,010002,13,121
235,30328,GA,33.93,-84.4,1,010205,13,121
236,30736,GA,34.9,-85.1,1,030100,13,047
237,31220,GA,32.88,-83.81,1,013605,13,021
238,31324,GA,31.9,-81.3,1,920306,13,029
239,32082,FL,30.1,-81.4,1,020602,12,109
240,32259,FL,30.1,-81.6,1,020805,12,109
241,32401,FL,30.16,-85.67,1,002200,12,005
242,32536,FL,30.7,-86.7,1,020100,12,091
243,32708,FL,28.68,-81.27,1,021403,12,117
244,32746,FL,28.76,-81.36,1,020805,12,117
245,32836,FL,28.41,-81.52,1,017108,12,095
246,32952,FL,28.3,-80.7,1,062800,12,009
247,33186,FL,25.66,-80.41,1,018900,12,086
248,33311,FL,26.13,-80.16,1,041500,12,011
249,33328,FL,26.07,-80.27,1,070209,12,011
250,33527,FL,27.97,-82.22,1,012402,12,057
251,33538,FL,28.8,-82.2,1,451000,12,017
252,33556,FL,28.2,-82.6,2,031701,12,101
253,33702,FL,27.85,-82.63,4,024411,12,103
254,33921,FL,26.83,-82.28,1,030402,12,015
255,33922,FL,26.66,-82.14,1,070101,12,071
256,34102,FL,26.13,-81.8,1,000101,12,021
257,34110,FL,26.3,-81.79,1,010102,12,021
258,34134,FL,26.36,-81.85,1,060300,12,071
259,34223,FL,26.98,-82.37,1,002603,12,115
260,34470,FL,29.2,-82.09,2,002002,12,083
261,34480,FL,29.1,-82.1,1,002402,12,083
262,34639,FL,28.3,-82.4,1,032001,12,101
263,34655,FL,28.23,-82.63,1,031707,12,101
264,34711,FL,28.5,-81.8,1,031311,12,069
265,34758,FL,28.2,-81.5,1,041100,12,097
266,34786,FL,28.48,-81.56,1,017105,12,095
267,34787,FL,28.5,-81.6,2,017105,12,095
268,34949,FL,27.5,-80.31,2,381204,12,111
269,34996,FL,27.2,-80.19,1,000502,12,085
270,34997,FL,27.1,-80.3,1,001700,12,085
271,36527,AL,30.7,-87.9,1,010701,01,003
272,36559,AL,30.572,-87.897,2,010800,01,003
273,37069,TN,35.99,-86.91,2,050406,47,187
274,37122,TN,36.2,-86.5,4,030309,47,189
275,37203,TN,36.15,-86.79,1,016300,47,037
276,37205,TN,36.11,-86.87,1,018203,47,037
277,37212,TN,36.13,-86.8,3,016900,47,037
278,37221,TN,36.06,-86.96,1,018407,47,037
279,37388,TN,35.3,-86.2,1,960201,47,051
280,37604,TN,36.3,-82.38,1,060502,47,179
281,37694,TN,36.38,-82.28,1,071100,47,019
282,37774,TN,35.7,-84.4,1,060700,47,105
283,37830,TN,36.0,-84.3,1,020100,47,001
284,38011,TN,35.5,-89.7,1,040500,47,167
285,38138,TN,35.08,-89.79,1,021341,47,157
286,38231,TN,36.22,-88.42,1,969800,47,079
287,38871,MS,34.33,-89.19,1,950200,28,115
288,39090,MS,33.1,-89.5,1,060100,28,007
289,40202,KY,38.25,-85.75,1,005900,21,111
290,40218,KY,38.19,-85.66,1,011301,21,111
291,40223,KY,38.26,-85.54,16,010406,21,111
292,40245,KY,38.26,-85.46,2,010307,21,111
293,40258,KY,38.14,-85.86,1,012406,21,111
294,40299,KY,38.2,-85.5,1,011601,21,111
295,40324,KY,38.3,-84.6,1,040603,21,209
296,41005,KY,39.0,-84.8,2,070502,21,015
297,41075,KY,39.08,-84.45,1,052301,21,037
298,42088,KY,36.6,-88.8,1,020500,21,083
299,42101,KY,37.0,-86.5,1,011200,21,227
300,42141,KY,36.9,-85.9,1,950900,21,009
301,43015,OH,40.3,-83.1,1,010520,39,041
302,43055,OH,40.1,-82.4,1,751900,39,089
303,43065,OH,40.17,-83.1,1,011900,39,041
304,43082,OH,40.16,-82.87,1,011750,39,041
305,43085,OH,40.1,-83.01,1,006722,39,049
306,43112,OH,39.8,-82.72,1,030800,39,045
307,43235,OH,40.1,-83.06,1,006387,39,049
308,43571,OH,41.51,-83.81,1,008901,39,095
309,44047,OH,41.7,-80.7,1,001302,39,007
310,44107,OH,41.48,-81.8,1,161300,39,035
311,44120,OH,41.47,-81.58,1,119900,39,035
312,44133,OH,41.31,-81.74,1,175201,39,035
313,44139,OH,41.39,-81.44,1,184104,39,035
314,44140,OH,41.49,-81.92,2,130105,39,035
315,44223,OH,41.17,-81.53,1,532902,39,153
316,44236,OH,41.25,-81.46,1,534000,39,153
317,44312,OH,41.01,-81.44,1,531102,39,153
318,44514,OH,41.01,-80.61,1,811002,39,099
319,44691,OH,40.8,-82.0,1,002000,39,169
320,44705,OH,40.83,-81.34,1,700200,39,151
321,44805,OH,40.9,-82.3,1,970400,39,005
322,45015,OH,39.36,-84.54,1,010906,39,017
323,45040,OH,39.35,-84.3,3,031902,39,165
324,45140,OH,39.26,-84.24,1,040302,39,025
325,45209,OH,39.15,-84.43,1,005301,39,061
326,45214,OH,39.12,-84.55,1,009200,39,061
327,45215,OH,39.24,-84.46,1,022700,39,061
328,45331,OH,40.1,-84.6,4,550100,39,037
329,45338,OH,39.84,-84.57,1,420100,39,135
330,45385,OH,39.7,-83.9,1,240600,39,057
331,45414,OH,39.83,-84.21,1,080500,39,113
332,45424,OH,39.84,-84.11,1,100400,39,113
333,45440,OH,39.67,-84.1,1,220100,39,057
334,45710,OH,39.2,-82.2,1,964300,39,105
335,46123,IN,39.76,-86.39,1,210606,18,063
336,46148,IN,39.82,-85.52,1,976700,18,065
337,46205,IN,39.82,-86.12,1,350500,18,097
338,46219,IN,39.78,-86.05,1,360700,18,097
339,46234,IN,39.81,-86.32,1,340114,18,097
340,46237,IN,39.68,-86.09,1,380902,18,097
341,46250,IN,39.91,-86.07,1,320304,18,097
342,46260,IN,39.9,-86.18,1,320109,18,097
343,46554,IN,41.6,-86.4,1,012000,18,141
344,46637,IN,41.73,-86.24,1,011302,18,141
345,46804,IN,41.05,-85.24,1,011603,18,003
346,47150,IN,38.3,-85.8,1,070302,18,043
347,47203,IN,39.2,-85.8,1,011300,18,005
348,47265,IN,39.0,-85.6,1,960200,18,079
349,47404,IN,39.2,-86.6,1,001305,18,105
350,47710,IN,38.02,-87.58,2,003900,18,163
351,47712,IN,37.9,-87.7,1,010403,18,163
352,47906,IN,40.5,-87.0,3,010201,18,157
353,48069,MI,42.47,-83.14,1,187000,26,125
354,48096,MI,42.76,-82.92,1,216000,26,099
355,48103,MI,42.3,-83.9,2,448000,26,161
356,48105,MI,42.3,-83.7,1,402600,26,161
357,48137,MI,42.5,-84.1,4,732100,26,093
358,48152,MI,42.42,-83.37,2,556800,26,163
359,48158,MI,42.2,-84.0,1,432000,26,161
360,48169,MI,42.5,-83.9,1,743400,26,093
361,48301,MI,42.54,-83.28,1,150900,26,125
362,48307,MI,42.66,-83.12,1,193400,26,125
363,48322,MI,42.54,-83.38,1,157800,26,125
364,48324,MI,42.59,-83.38,1,154500,26,125
365,48357,MI,42.65,-83.64,1,131800,26,125
366,48603,MI,43.47,-84.02,1,010302,26,145
367,48611,MI,43.64,-84.09,2,285600,26,017
368,48823,MI,42.76,-84.44,1,004600,26,065
369,48864,MI,42.71,-84.4,1,004901,26,065
370,48910,MI,42.7,-84.52,1,002901,26,065
371,49024,MI,42.2,-85.62,1,002002,26,077
372,49245,MI,42.1,-84.8,1,003100,26,025
373,49406,MI,42.64,-86.2,1,030800,26,005
374,49412,MI,43.5,-85.9,1,970600,26,123
375,49418,MI,42.88,-85.78,1,013100,26,081
376,49426,MI,42.8,-85.9,1,023002,26,139
377,49506,MI,42.94,-85.62,1,003400,26,081
378,49507,MI,42.93,-85.65,1,003700,26,081
379,49668,MI,44.4,-85.7,1,380300,26,165
380,50135,IA,41.7,-92.9,1,040100,19,099
381,50219,IA,41.4,-92.9,1,030200,19,125
382,50263,IA,41.6,-93.9,5,050902,19,049
383,50266,IA,41.56,-93.81,1,050811,19,049
384,50627,IA,42.3,-93.1,1,480500,19,083
385,50651,IA,42.3,-92.2,2,002902,19,013
386,51334,IA,43.4,-94.8,4,070300,19,063
387,51534,IA,41.0,-95.7,1,040201,19,129
388,52241,IA,41.69,-91.59,1,000302,19,103
389,52314,IA,41.9,-91.5,1,010700,19,113
390,52803,IA,41.54,-90.56,1,011600,19,163
391,53005,WI,43.06,-88.1,1,201000,55,133
392,53072,WI,43.1,-88.3,2,203303,55,133
393,53097,WI,43.24,-87.98,1,660100,55,089
394,53149,WI,42.9,-88.3,4,202001,55,133
395,53150,WI,42.88,-88.13,1,201900,55,133
396,53154,WI,42.89,-87.89,4,160203,55,079
397,53202,WI,43.04,-87.89,1,980000,55,079
398,53211,WI,43.07,-87.89,2,007800,55,079
399,53593,WI,43.0,-89.6,1,010904,55,025
400,53719,WI,43.03,-89.5,1,000504,55,025
401,53901,WI,43.5,-89.5,1,970600,55,021
402,53916,WI,43.5,-88.9,2,960600,55,027
403,54313,WI,44.6,-88.1,1,020204,55,009
404,54401,WI,45.0,-89.7,1,001500,55,073
405,54452,WI,45.2,-89.7,1,960700,55,069
406,54455,WI,44.8,-89.7,1,001202,55,073
407,54467,WI,44.4,-89.5,1,961300,55,097
408,54665,WI,43.5,-90.9,1,960500,55,123
409,54666,WI,44.2,-90.4,1,960100,55,053
410,54901,WI,44.07,-88.52,4,001600,55,139
411,55014,MN,45.19,-93.13,4,050229,27,003
412,55057,MN,44.5,-93.2,1,061502,27,037
413,55082,MN,45.1,-92.8,1,070404,27,163
414,55106,MN,44.94,-93.05,1,980000,27,123
415,55108,MN,44.98,-93.18,4,042001,27,123
416,55113,MN,45.01,-93.16,2,041800,27,123
417,55116,MN,44.91,-93.17,1,037500,27,123
418,55123,MN,44.8,-93.14,1,060732,27,037
419,55301,MN,45.24,-93.67,2,100801,27,171
420,55347,MN,44.83,-93.46,2,026018,27,053
421,55352,MN,44.7,-93.6,1,080800,27,139
422,55369,MN,45.13,-93.46,1,026708,27,053
423,55378,MN,44.76,-93.37,2,080202,27,139
424,55408,MN,44.94,-93.29,1,109200,27,053
425,55411,MN,45.0,-93.3,1,102100,27,053
426,55443,MN,45.12,-93.33,2,026823,27,053
427,56071,MN,44.5,-93.6,1,950100,27,079
428,57042,SD,44.0,-97.2,1,960100,46,079
429,57105,SD,43.52,-96.73,1,001500,46,099
430,57701,SD,44.1,-103.2,3,010400,46,103
431,57719,SD,44.2,-103.0,1,020500,46,093
432,59701,MT,46.1,-112.4,1,962202,30,043
433,59718,MT,45.6,-111.1,1,000502,30,031
434,59725,MT,45.0,-112.9,1,000100,30,001
435,59860,MT,47.8,-114.2,1,940303,30,047
436,59870,MT,46.5,-114.1,2,000201,30,081
437,59937,MT,48.5,-114.6,2,000100,30,029
438,60002,IL,42.5,-88.1,2,002906,55,059
439,60012,IL,42.28,-88.31,1,870803,17,111
440,60016,IL,42.05,-87.89,1,806102,17,031
441,60045,IL,42.24,-87.87,1,863500,17,097
442,60046,IL,42.41,-88.06,4,861013,17,097
443,60047,IL,42.21,-88.04,1,864402,17,097
444,60056,IL,42.06,-87.93,1,804901,17,031
445,60060,IL,42.27,-88.04,1,864105,17,097
446,60068,IL,42.02,-87.84,1,805501,17,031
447,60115,IL,41.9,-88.7,1,001600,17,037
448,60130,IL,41.87,-87.82,1,816100,17,031
449,60139,IL,41.92,-88.08,1,840911,17,043
450,60154,IL,41.85,-87.89,1,818402,17,031
451,60173,IL,42.04,-88.05,1,804603,17,031
452,60188,IL,41.92,-88.13,1,841210,17,043
453,60189,IL,41.83,-88.12,2,842601,17,043
454,60302,IL,41.89,-87.79,4,812400,17,031
455,60304,IL,41.87,-87.78,1,813100,17,031
456,60401,IL,41.34,-87.62,1,883902,17,197
457,60402,IL,41.83,-87.78,1,815500,17,031
458,60423,IL,41.48,-87.84,1,883504,17,197
459,60451,IL,41.51,-87.96,1,881115,17,197
460,60513,IL,41.83,-87.85,4,818800,17,031
461,60515,IL,41.81,-88.03,1,844802,17,043
462,60527,IL,41.74,-87.95,3,845811,17,043
463,60534,IL,41.81,-87.82,1,819200,17,031
464,60542,IL,41.8,-88.35,1,853001,17,089
465,60565,IL,41.72,-88.11,1,880118,17,197
466,60605,IL,41.87,-87.62,1,320600,17,031
467,60608,IL,41.85,-87.68,1,841300,17,031
468,60613,IL,41.95,-87.65,2,061000,17,031
469,60630,IL,41.97,-87.76,1,110502,17,031
470,61008,IL,42.2,-88.8,4,010400,17,007
471,61073,IL,42.42,-88.99,1,003904,17,201
472,61550,IL,40.61,-89.43,1,021606,17,179
473,61701,IL,40.47,-88.99,1,005900,17,113
474,62269,IL,38.6,-89.91,4,504351,17,163
475,62281,IL,38.71,-89.79,1,403702,17,119
476,63021,MO,38.56,-90.53,3,217932,29,189
477,63026,MO,38.5,-90.46,1,700210,29,099
478,63073,MO,38.5,-90.7,1,221503,29,189
479,63110,MO,38.63,-90.27,1,112100,29,510
480,63116,MO,38.58,-90.27,1,115100,29,510
481,63119,MO,38.59,-90.32,1,219600,29,189
482,63124,MO,38.64,-90.38,1,217500,29,189
483,63129,MO,38.45,-90.33,2,220444,29,189
484,63130,MO,38.67,-90.32,1,215900,29,189
485,63366,MO,38.9,-90.7,2,311500,29,183
486,63368,MO,38.75,-90.73,2,311154,29,183
487,64014,MO,39.01,-94.25,1,014105,29,095
488,64048,MO,39.44,-94.35,1,021804,29,047
489,64113,MO,39.01,-94.59,4,008600,29,095
490,64137,MO,38.94,-94.54,1,010201,29,095
491,64151,MO,39.21,-94.63,4,030001,29,165
492,64154,MO,39.28,-94.63,1,030201,29,165
493,64157,MO,39.27,-94.47,1,021310,29,047
494,64505,MO,39.83,-94.84,1,010100,29,003
495,64804,MO,37.0,-94.5,1,020601,29,145
496,64836,MO,37.2,-94.3,2,012100,29,097
497,65202,MO,39.0,-92.3,9,001503,29,019
498,65584,MO,37.82,-92.11,2,470287,29,169
499,65612,MO,37.22,-93.56,1,004900,29,077
500,65669,MO,36.92,-93.31,3,020500,29,043
501,65757,MO,37.3,-93.1,2,004600,29,077
502,66053,KS,38.6,-94.7,1,100500,20,121
503,66062,KS,38.85,-94.78,1,053509,20,091
504,66086,KS,39.1,-95.1,1,071800,20,103
505,66213,KS,38.9,-94.7,1,053108,20,091
506,66220,KS,38.96,-94.82,1,052601,20,091
507,66224,KS,38.86,-94.63,1,053410,20,091
508,66762,KS,37.4,-94.8,1,956700,20,037
509,67026,KS,37.5,-97.5,1,009604,20,173
510,67207,KS,37.66,-97.23,1,007203,20,173
511,67530,KS,38.4,-98.8,1,971800,20,009
512,68008,NE,41.5,-96.2,1,050201,31,177
513,68128,NE,41.18,-96.07,1,010622,31,153
514,68164,NE,41.3,-96.11,1,007432,31,055
515,68516,NE,40.73,-96.64,1,003714,31,109
516,68521,NE,40.86,-96.71,1,003001,31,109
517,70001,LA,29.98,-90.16,2,022800,22,051
518,70005,LA,30.0,-90.13,2,022302,22,051
519,70119,LA,29.97,-90.09,1,005000,22,071
520,70121,LA,29.96,-90.16,1,024500,22,051
521,70448,LA,30.37,-90.04,1,041211,22,103
522,70506,LA,30.19,-92.08,1,001904,22,055
523,70508,LA,30.16,-92.03,1,001406,22,055
524,70806,LA,30.45,-91.12,1,001800,22,033
525,71270,LA,32.5,-92.6,5,960800,22,061
526,71655,AR,33.6,-91.8,1,490300,05,043
527,72137,AR,35.3,-92.0,1,070300,05,145
528,72401,AR,35.9,-90.6,2,001100,05,031
529,72687,AR,36.3,-92.7,4,960300,05,089
530,72704,AR,36.1,-94.3,1,010508,05,143
531,72901,AR,35.36,-94.41,4,001002,05,131
532,73012,OK,35.67,-97.59,1,108512,40,109
533,73068,OK,35.1,-97.3,3,202404,40,027
534,73072,OK,35.2,-97.5,1,201508,40,027
535,73103,OK,35.49,-97.52,1,101700,40,109
536,74006,OK,36.7,-95.9,9,000600,40,147
537,74008,OK,35.9,-95.8,1,030601,40,145
538,74011,OK,35.98,-95.82,1,007513,40,143
539,74133,OK,36.04,-95.88,2,007524,40,143
540,74464,OK,35.9,-95.0,1,978000,40,021
541,75022,TX,33.03,-97.12,1,021750,48,121
542,75024,TX,33.08,-96.81,4,031657,48,085
543,75035,TX,33.16,-96.77,1,030518,48,085
544,75048,TX,32.97,-96.58,1,018122,48,113
545,75069,TX,33.18,-96.59,2,030900,48,085
546,75070,TX,33.16,-96.72,2,030517,48,085
547,75093,TX,33.04,-96.81,1,031648,48,085
548,75154,TX,32.5,-96.8,1,060213,48,139
549,75204,TX,32.8,-96.79,1,001600,48,113
550,75214,TX,32.83,-96.74,1,008000,48,113
551,75220,TX,32.86,-96.87,4,007201,48,113
552,75234,TX,32.92,-96.9,4,014002,48,113
553,75438,TX,33.6,-96.09,1,950500,48,147
554,75965,TX,31.7,-94.6,1,950400,48,347
555,76034,TX,32.89,-97.14,2,113634,48,439
556,76049,TX,32.5,-97.7,1,160209,48,221
557,76052,TX,32.98,-97.39,2,114103,48,439
558,76092,TX,32.96,-97.15,1,113907,48,439
559,76109,TX,32.7,-97.39,1,105403,48,439
560,76112,TX,32.75,-97.23,1,106502,48,439
561,76180,TX,32.84,-97.22,2,113217,48,439
562,76182,TX,32.89,-97.21,1,113210,48,439
563,76244,TX,32.93,-97.28,2,113921,48,439
564,76302,TX,33.87,-98.47,4,011500,48,485
565,76522,TX,31.2,-98.0,1,950100,48,281
566,76935,TX,31.1,-100.4,1,001704,48,451
567,77009,TX,29.79,-95.37,1,210400,48,201
568,77019,TX,29.75,-95.41,2,410401,48,201
569,77024,TX,29.77,-95.5,4,430300,48,201
570,77043,TX,29.81,-95.58,1,543200,48,201
571,77094,TX,29.76,-95.69,1,454501,48,201
572,77339,TX,30.05,-95.22,1,251100,48,201
573,77381,TX,30.18,-95.5,3,691100,48,339
574,77382,TX,30.2,-95.54,1,690602,48,339
575,77449,TX,29.83,-95.73,1,542301,48,201
576,77479,TX,29.56,-95.64,1,674400,48,157
577,77494,TX,29.74,-95.84,1,673101,48,157
578,77578,TX,29.47,-95.37,1,661501,48,039
579,77581,TX,29.56,-95.28,1,660300,48,039
580,77598,TX,29.55,-95.14,1,341000,48,201
581,78009,TX,29.36,-98.89,1,000102,48,325
582,78028,TX,30.1,-99.2,3,960100,48,265
583,78114,TX,29.1,-98.2,1,000202,48,493
584,78201,TX,29.48,-98.53,1,180201,48,029
585,78230,TX,29.54,-98.56,1,181302,48,029
586,78247,TX,29.57,-98.41,1,121112,48,029
587,78251,TX,29.46,-98.67,1,171924,48,029
588,78259,TX,29.63,-98.41,1,121910,48,029
589,78260,TX,29.69,-98.52,1,191804,48,029
590,78628,TX,30.6,-97.8,1,020110,48,491
591,78633,TX,30.7,-97.8,1,020109,48,491
592,78660,TX,30.43,-97.6,1,001858,48,453
593,78702,TX,30.26,-97.71,1,000902,48,453
594,78704,TX,30.24,-97.75,1,002308,48,453
595,78717,TX,30.49,-97.77,1,020510,48,491
596,78727,TX,30.43,-97.72,2,001846,48,453
597,78731,TX,30.35,-97.77,2,001718,48,453
598,78749,TX,30.21,-97.86,1,001738,48,453
599,79119,TN,35.1,-102.0,1,021704,48,381
600,79416,TX,33.61,-101.97,2,010405,48,303
601,79553,TX,32.9,-99.9,9,020400,48,253
602,80002,CO,39.79,-105.1,2,010402,08,059
603,80003,CO,39.83,-105.06,3,010209,08,059
604,80007,CO,39.87,-105.22,2,060500,08,059
605,80010,CO,39.74,-104.86,1,007302,08,005
606,80011,CO,39.73,-104.79,1,007104,08,005
607,80013,CO,39.66,-104.77,3,083400,08,005
608,80015,CO,39.62,-104.78,5,085500,08,005
609,80016,CO,39.6,-104.74,3,085200,08,005
610,80017,CO,39.7,-104.78,1,082600,08,005
611,80020,CO,39.92,-105.08,3,030000,08,014
612,80021,CO,39.9,-105.12,6,060500,08,059
613,80022,CO,39.9,-104.8,1,008538,08,001
614,80026,CO,40.02,-105.1,6,012800,08,013
615,80027,CO,39.98,-105.13,4,013005,08,013
616,80030,CO,39.83,-105.03,5,009604,08,001
617,80031,CO,39.88,-105.04,3,009410,08,001
618,80108,CO,39.45,-104.85,1,014012,08,035
619,80110,CO,39.65,-105.01,1,006000,08,005
620,80111,CO,39.63,-104.87,5,006854,08,005
621,80112,CO,39.56,-104.87,3,014001,08,035
622,80120,CO,39.6,-105.01,3,006502,08,005
623,80121,CO,39.61,-104.96,1,005636,08,005
624,80122,CO,39.58,-104.96,2,005630,08,005
625,80124,CO,39.54,-104.88,2,014116,08,035
626,80127,CO,39.5,-105.1,2,012036,08,059
627,80128,CO,39.57,-105.08,1,012055,08,059
628,80129,CO,39.54,-105.01,3,014128,08,035
629,80202,CO,39.75,-105.0,5,001701,08,031
630,80203,CO,39.73,-104.98,1,002702,08,031
631,80204,CO,39.74,-105.02,1,000800,08,031
632,80206,CO,39.73,-104.95,1,003300,08,031
633,80207,CO,39.76,-104.92,1,004104,08,031
634,80210,CO,39.68,-104.96,5,003003,08,031
635,80211,CO,39.76,-105.02,2,000402,08,031
636,80212,CO,39.77,-105.05,3,000301,08,031
637,80214,CO,39.74,-105.07,1,011550,08,059
638,80216,CO,39.79,-104.95,1,003500,08,031
639,80218,CO,39.73,-104.97,1,003201,08,031
640,80220,CO,39.73,-104.91,1,004304,08,031
641,80221,CO,39.82,-105.01,3,009502,08,001
642,80222,CO,39.67,-104.93,4,015100,08,005
643,80224,CO,39.68,-104.91,1,087200,08,005
644,80226,CO,39.71,-105.09,1,011701,08,059
645,80228,CO,39.69,-105.15,2,011712,08,059
646,80230,CO,39.72,-104.89,1,004405,08,031
647,80231,CO,39.67,-104.89,2,087300,08,005
648,80234,CO,39.91,-105.01,2,009325,08,001
649,80235,CO,39.65,-105.09,1,015900,08,059
650,80238,CO,39.78,-104.88,2,004106,08,031
651,80301,CO,40.05,-105.21,6,012707,08,013
652,80302,CO,40.1,-105.4,2,013701,08,013
653,80303,CO,39.97,-105.22,6,060600,08,013
654,80304,CO,40.05,-105.29,5,012104,08,013
655,80305,CO,39.98,-105.26,3,012509,08,013
656,80401,CO,39.7,-105.2,7,009845,08,059
657,80433,CO,39.5,-105.3,2,012058,08,059
658,80439,CO,39.7,-105.4,6,014700,08,019
659,80443,CO,39.59,-106.09,2,000300,08,117
660,80482,CO,39.92,-105.79,2,000202,08,049
661,80501,CO,40.17,-105.09,1,013401,08,013
662,80503,CO,40.2,-105.2,8,013601,08,013
663,80516,CO,40.07,-105.02,3,002009,08,123
664,80524,CO,40.7,-105.0,2,002502,08,069
665,80525,CO,40.52,-105.02,6,001605,08,069
666,80526,CO,40.56,-105.13,6,001104,08,069
667,80528,CO,40.48,-105.0,6,001608,08,069
668,80530,CO,40.1,-104.92,1,002015,08,123
669,80535,CO,40.7,-105.2,1,002402,08,069
670,80537,CO,40.4,-105.2,1,001808,08,069
671,80538,CO,40.5,-105.2,6,002402,08,069
672,80545,CO,40.8,-105.6,1,002401,08,069
673,80550,CO,40.5,-104.9,1,002203,08,123
674,80631,CO,40.4,-104.7,3,000300,08,123
675,80634,CO,40.4,-104.8,1,001407,08,123
676,80759,CO,40.1,-102.6,1,963200,08,125
677,80817,CO,38.6,-104.7,6,004511,08,041
678,80831,CO,39.0,-104.5,1,003909,08,041
679,80903,CO,38.83,-104.81,1,002200,08,041
680,80906,CO,38.78,-104.85,1,003100,08,041
681,80907,CO,38.88,-104.82,4,000302,08,041
682,80910,CO,38.8,-104.78,2,005300,08,041
683,80917,CO,38.89,-104.75,1,005502,08,041
684,80918,CO,38.91,-104.78,2,004800,08,041
685,80919,CO,38.93,-104.9,1,003701,08,041
686,80921,CO,39.0,-104.9,9,003801,08,041
687,80922,CO,38.89,-104.7,3,005109,08,041
688,80924,CO,38.96,-104.73,1,007101,08,041
689,80925,CO,38.8,-104.6,1,004603,08,041
690,81004,CO,38.1,-104.7,1,002804,08,101
691,81050,CO,38.0,-103.5,1,968300,08,089
692,81122,CO,37.4,-107.6,1,970600,08,067
693,81133,CO,37.3,-105.3,1,972600,08,023
694,81137,CO,37.1,-107.6,1,940300,08,067
695,81147,CO,37.2,-107.0,9,974300,08,007
696,81201,CO,38.6,-106.1,3,000300,08,015
697,81225,CO,38.9,-106.9,1,963800,08,051
698,81301,CO,37.4,-107.8,12,970704,08,067
699,81303,CO,37.2,-107.9,4,940400,08,067
700,81321,CO,37.3,-108.7,8,941100,08,083
701,81328,CO,37.3,-108.3,12,969100,08,083
702,81403,CO,38.4,-107.9,1,966602,08,085
703,81410,CO,38.8,-107.95,1,964700,08,029
704,81432,CO,38.1,-107.7,1,967600,08,091
705,81435,CO,38.0,-108.2,4,968200,08,113
706,81503,CO,39.02,-108.5,4,001900,08,077
707,81506,CO,39.12,-108.54,1,001600,08,077
708,81612,CO,39.1,-106.8,2,000500,08,097
709,81620,CO,39.63,-106.52,1,000503,08,037
710,81623,CO,39.2,-107.2,9,000100,08,097
711,81631,CO,39.66,-106.82,1,000403,08,037
712,82070,WY,41.4,-105.8,1,962700,56,001
713,82501,WY,43.2,-108.6,1,940201,56,013
714,82601,WY,43.1,-106.4,1,001401,56,025
715,83101,WY,41.9,-110.3,1,978200,56,023
716,83204,ID,42.8,-112.5,9,981800,16,005
717,83221,ID,43.3,-112.4,2,950300,16,011
718,83350,ID,42.8,-113.6,1,970300,16,067
719,83440,ID,43.8,-111.7,1,950400,16,065
720,83815,ID,47.73,-116.79,1,000700,16,055
721,83843,ID,46.7,-116.9,2,005300,16,057
722,84010,UT,40.89,-111.82,6,126402,49,011
723,84014,UT,40.95,-111.84,1,126303,49,011
724,84015,UT,41.11,-112.06,1,125501,49,011
725,84027,UT,40.2,-110.8,1,940300,49,013
726,84041,UT,41.05,-112.0,1,126002,49,011
727,84043,UT,40.39,-111.85,1,000103,49,049
728,84047,UT,40.61,-111.89,2,112503,49,035
729,84062,UT,40.39,-111.74,1,010215,49,049
730,84081,UT,40.6,-112.04,1,114300,49,035
731,84088,UT,40.6,-111.96,2,112917,49,035
732,84092,UT,40.6,-111.7,2,110102,49,035
733,84094,UT,40.57,-111.86,1,112604,49,035
734,84098,UT,40.7,-111.5,1,964308,49,043
735,84123,UT,40.66,-111.92,2,113515,49,035
736,84310,UT,41.3,-111.9,1,210100,49,057
737,84333,UT,41.91,-111.79,5,000101,49,005
738,84403,UT,41.19,-111.9,3,210100,49,057
739,84532,UT,38.6,-109.4,2,000300,49,019
740,84535,UT,37.9,-109.5,2,978100,49,037
741,84604,UT,40.3,-111.5,1,010900,49,049
742,84663,UT,40.18,-111.58,1,003002,49,049
743,84741,UT,37.0,-112.0,1,002000,04,005
744,84767,UT,37.18,-113.0,1,270100,49,053
745,84775,UT,38.3,-111.5,1,979100,49,055
746,84790,UT,37.1,-113.7,6,270300,49,053
747,85006,AZ,33.47,-112.05,1,111700,04,013
748,85020,AZ,33.57,-112.05,1,104702,04,013
749,85021,AZ,33.56,-112.1,1,105503,04,013
750,85022,AZ,33.62,-112.05,1,103611,04,013
751,85027,AZ,33.68,-112.1,1,614700,04,013
752,85041,AZ,33.38,-112.12,1,116612,04,013
753,85050,AZ,33.69,-112.0,2,615000,04,013
754,85087,AZ,33.9,-112.0,1,610700,04,013
755,85140,AZ,33.3,-111.5,1,000207,04,021
756,85142,AZ,33.2,-111.6,1,000209,04,021
757,85226,AZ,33.27,-111.99,2,941100,04,013
758,85248,AZ,33.23,-111.9,3,941100,04,013
759,85259,AZ,33.6,-111.81,2,216849,04,013
760,85308,AZ,33.67,-112.19,2,614200,04,013
761,85365,AZ,32.8,-114.5,1,010914,04,027
762,85381,AZ,33.61,-112.23,2,071512,04,013
763,85382,AZ,33.65,-112.25,1,617600,04,013
764,85545,AZ,33.7,-111.0,2,000700,04,007
765,85615,AZ,31.4,-110.2,1,002100,04,003
766,85623,AZ,32.7,-110.9,1,000802,04,021
767,85637,AZ,31.66,-110.67,1,966000,04,023
768,85718,AZ,32.34,-110.91,3,004714,04,019
769,85739,AZ,32.5,-110.8,1,004716,04,019
770,85745,AZ,32.24,-111.07,1,004428,04,019
771,85748,AZ,32.21,-110.73,1,004061,04,019
772,85935,AZ,34.13,-109.91,1,964900,04,017
773,86001,AZ,35.2,-111.8,2,002200,04,005
774,86303,AZ,34.5,-112.4,2,000700,04,025
775,86334,AZ,35.1,-112.8,1,002100,04,025
776,86336,AZ,34.9,-111.9,1,001802,04,025
777,86406,AZ,34.6,-113.8,1,954800,04,015
778,87047,NM,35.2,-106.3,2,003803,35,001
779,87048,NM,35.24,-106.62,17,010602,35,043
780,87059,NM,35.0,-106.4,1,003807,35,001
781,87104,NM,35.1,-106.67,1,002500,35,001
782,87109,NM,35.15,-106.57,1,003724,35,001
783,87114,NM,35.19,-106.68,1,004752,35,001
784,87120,NM,35.1,-106.8,3,940600,35,001
785,87122,NM,35.2,-106.5,1,940500,35,001
786,87301,NM,35.4,-108.6,2,973100,35,031
787,87313,NM,35.7,-107.9,1,943500,35,031
788,87416,NM,36.77,-108.42,2,000504,35,045
789,87420,NM,36.8,-108.7,1,942802,35,045
790,87506,NM,35.8,-106.0,1,940400,35,049
791,87507,NM,35.6,-106.1,1,010304,35,049
792,87508,NM,35.5,-105.9,1,010700,35,049
793,87544,NM,35.9,-106.3,1,000100,35,028
794,88220,NM,32.4,-104.3,1,000401,35,015
795,88401,NM,35.0,-103.8,1,958900,35,037
796,89021,NV,36.61,-114.49,1,005613,32,003
797,89044,NV,35.7,-115.1,17,005703,32,003
798,89123,NV,36.04,-115.15,4,002829,32,003
799,89129,NV,36.23,-115.3,1,003240,32,003
800,89148,NV,36.06,-115.3,1,005840,32,003
801,89149,NV,36.28,-115.29,4,003232,32,003
802,89178,NV,35.9,-115.5,1,005827,32,003
803,89502,NV,39.5,-119.75,1,002103,32,031
804,89509,NV,39.5,-119.83,1,001104,32,031
805,90004,CA,34.08,-118.31,5,192420,06,037
806,90266,CA,33.89,-118.4,1,620303,06,037
807,90275,CA,33.76,-118.36,2,670500,06,037
808,90277,CA,33.83,-118.39,2,621324,06,037
809,90292,CA,33.98,-118.45,1,702901,06,037
810,90303,CA,33.93,-118.33,1,600502,06,037
811,90403,CA,34.03,-118.49,3,701501,06,037
812,90501,CA,33.83,-118.31,1,650901,06,037
813,90504,CA,33.87,-118.33,1,650102,06,037
814,90660,CA,33.99,-118.08,2,500900,06,037
815,90814,CA,33.77,-118.14,1,577603,06,037
816,91001,CA,34.22,-118.13,1,930101,06,037
817,91030,CA,34.11,-118.16,1,480703,06,037
818,91320,CA,34.19,-118.94,1,006100,06,111
819,91326,CA,34.29,-118.56,1,108201,06,037
820,91355,CA,34.42,-118.61,1,920339,06,037
821,91360,CA,34.21,-118.88,1,006600,06,111
822,91361,CA,34.1,-118.9,1,800406,06,037
823,91367,CA,34.17,-118.62,2,137201,06,037
824,91401,CA,34.18,-118.43,2,123602,06,037
825,91423,CA,34.15,-118.43,1,141101,06,037
826,91505,CA,34.18,-118.35,1,311100,06,037
827,91606,CA,34.19,-118.39,4,123901,06,037
828,91709,CA,33.95,-117.73,1,000116,06,071
829,91740,CA,34.12,-117.85,1,401101,06,037
830,91786,CA,34.1,-117.66,2,000824,06,071
831,91790,CA,34.07,-117.94,2,406702,06,037
832,91911,CA,32.6,-117.04,1,013306,06,073
833,92009,CA,33.1,-117.25,1,020014,06,073
834,92056,CA,33.2,-117.29,1,018516,06,073
835,92057,CA,33.25,-117.29,2,018612,06,073
836,92065,CA,33.0,-116.8,1,020811,06,073
837,92071,CA,32.86,-116.99,1,016612,06,073
838,92078,CA,33.12,-117.18,1,020027,06,073
839,92081,CA,33.16,-117.25,3,019806,06,073
840,92084,CA,33.22,-117.21,1,019207,06,073
841,92101,CA,32.72,-117.18,1,009902,06,073
842,92104,CA,32.74,-117.13,2,004300,06,073
843,92107,CA,32.74,-117.24,2,007400,06,073
844,92108,CA,32.77,-117.15,2,009304,06,073
845,92109,CA,32.8,-117.24,1,007903,06,073
846,92122,CA,32.86,-117.2,1,008344,06,073
847,92126,CA,32.91,-117.14,1,008358,06,073
848,92127,CA,33.02,-117.14,1,017030,06,073
849,92130,CA,32.95,-117.2,2,021500,06,073
850,92131,CA,32.89,-117.05,1,009504,06,073
851,92262,CA,33.86,-116.58,2,044606,06,065
852,92264,CA,33.7,-116.5,1,044807,06,065
853,92307,CA,34.6,-117.1,3,012104,06,071
854,92373,CA,34.0,-117.1,1,043823,06,065
855,92503,CA,33.9,-117.45,1,031702,06,065
856,92507,CA,33.97,-117.33,1,042206,06,065
857,92592,CA,33.5,-117.0,1,043239,06,065
858,92618,CA,33.67,-117.74,1,052404,06,059
859,92626,CA,33.68,-117.9,1,063903,06,059
860,92629,CA,33.48,-117.71,1,042338,06,059
861,92656,CA,33.56,-117.73,6,062639,06,059
862,92672,CA,33.3,-117.5,1,990100,06,073
863,92677,CA,33.53,-117.71,4,042319,06,059
864,92679,CA,33.6,-117.5,1,032041,06,059
865,92691,CA,33.61,-117.67,5,032002,06,059
866,92692,CA,33.6,-117.65,1,032020,06,059
867,92705,CA,33.74,-117.81,1,075506,06,059
868,92821,CA,33.93,-117.89,1,001506,06,059
869,92860,CA,33.93,-117.55,1,040812,06,065
870,92870,CA,33.88,-117.85,1,011715,06,059
871,93012,CA,34.2,-119.0,2,005600,06,111
872,93103,CA,34.43,-119.68,1,000801,06,083
873,93309,CA,35.35,-119.06,1,002812,06,029
874,93401,CA,35.2,-120.6,1,012302,06,079
875,93422,CA,35.5,-120.7,1,012704,06,079
876,93436,CA,34.6,-120.4,1,003102,06,083
877,93453,CA,35.3,-120.1,2,012702,06,079
878,93455,CA,34.8,-120.4,2,002006,06,083
879,93514,CA,37.5,-118.3,1,000101,06,051
880,93536,CA,34.7,-118.5,1,920102,06,037
881,93555,CA,35.6,-117.7,1,005403,06,029
882,93619,CA,36.9,-119.6,1,006405,06,019
883,93638,CA,37.0,-120.0,1,000507,06,039
884,93933,CA,36.68,-121.79,1,014202,06,053
885,94025,CA,37.46,-122.18,1,612500,06,081
886,94030,CA,37.61,-122.4,1,604400,06,081
887,94040,CA,37.38,-122.09,1,509801,06,085
888,94061,CA,37.46,-122.24,1,611100,06,081
889,94065,CA,37.53,-122.23,4,610302,06,081
890,94085,CA,37.39,-122.02,2,509000,06,085
891,94089,CA,37.4,-122.0,1,504805,06,085
892,94107,CA,37.77,-122.39,1,060700,06,075
893,94110,CA,37.75,-122.42,3,020900,06,075
894,94114,CA,37.76,-122.44,1,020401,06,075
895,94115,CA,37.79,-122.44,1,013400,06,075
896,94117,CA,37.77,-122.44,4,016700,06,075
897,94118,CA,37.78,-122.46,2,045100,06,075
898,94131,CA,37.75,-122.44,2,021300,06,075
899,94158,CA,37.77,-122.391,4,060700,06,075
900,94304,CA,37.42,-122.16,2,511500,06,085
901,94526,CA,37.81,-121.99,1,345105,06,013
902,94541,CA,37.67,-122.11,2,436200,06,001
903,94549,CA,37.9,-122.12,2,348000,06,013
904,94558,CA,38.5,-122.3,2,201700,06,055
905,94559,CA,38.2,-122.3,1,201005,06,055
906,94566,CA,37.65,-121.86,1,450701,06,001
907,94580,CA,37.68,-122.14,1,435900,06,001
908,94582,CA,37.76,-121.92,1,345112,06,013
909,94587,CA,37.6,-122.0,1,440100,06,001
910,94588,CA,37.7,-121.9,1,450743,06,001
911,94590,CA,38.1,-122.25,1,251000,06,095
912,94598,CA,37.91,-122.05,1,338204,06,013
913,94610,CA,37.81,-122.24,2,405100,06,001
914,94618,CA,37.85,-122.24,3,404300,06,001
915,94703,CA,37.87,-122.27,1,422900,06,001
916,94704,CA,37.87,-122.25,1,422600,06,001
917,94939,CA,37.94,-122.53,1,120000,06,041
918,94941,CA,37.9,-122.57,1,131100,06,041
919,95014,CA,37.3,-122.07,4,507702,06,085
920,95032,CA,37.21,-121.92,1,507002,06,085
921,95060,CA,37.0,-122.1,1,120200,06,087
922,95062,CA,36.97,-121.99,1,121403,06,087
923,95066,CA,37.07,-122.01,1,120900,06,087
924,95073,CA,37.03,-121.93,1,122001,06,087
925,95125,CA,37.31,-121.9,3,501800,06,085
926,95129,CA,37.31,-122.0,1,508004,06,085
927,95138,CA,37.25,-121.74,1,512001,06,085
928,95301,CA,37.32,-120.63,1,000702,06,047
929,95340,CA,37.4,-120.4,9,001901,06,047
930,95348,CA,37.4,-120.5,3,002500,06,047
931,95355,CA,37.67,-120.94,1,000911,06,099
932,95366,CA,37.76,-121.12,1,005003,06,077
933,95377,CA,37.7,-121.6,1,451101,06,001
934,95403,CA,38.51,-122.76,4,152701,06,097
935,95448,CA,38.7,-122.9,3,154100,06,097
936,95472,CA,38.4,-122.9,1,153600,06,097
937,95521,CA,40.8,-124.1,1,000800,06,023
938,95618,CA,38.6,-121.7,1,010505,06,113
939,95628,CA,38.66,-121.26,1,008008,06,067
940,95630,CA,38.67,-121.15,1,008506,06,067
941,95661,CA,38.74,-121.26,1,020712,06,061
942,95662,CA,38.68,-121.23,3,008203,06,067
943,95695,CA,38.8,-121.9,1,011400,06,113
944,95816,CA,38.58,-121.47,1,000400,06,067
945,95818,CA,38.56,-121.49,1,002300,06,067
946,95819,CA,38.57,-121.44,1,000200,06,067
947,95820,CA,38.54,-121.45,4,002900,06,067
948,95864,CA,38.59,-121.38,1,005702,06,067
949,96790,HI,20.7,-156.2,2,030301,15,009
950,96816,HI,21.3,-157.79,1,001000,15,003
951,96817,HI,21.34,-157.84,3,004600,15,003
952,96821,HI,21.3,-157.75,3,000301,15,003
953,97006,OR,45.52,-122.86,1,031610,41,067
954,97007,OR,45.45,-122.88,4,031804,41,067
955,97009,OR,45.42,-122.34,1,023401,41,005
956,97030,OR,45.51,-122.43,1,010405,41,051
957,97035,OR,45.41,-122.72,1,020200,41,005
958,97068,OR,45.34,-122.66,1,022702,41,005
959,97140,OR,45.3,-122.9,1,030101,41,071
960,97209,OR,45.53,-122.68,6,005100,41,051
961,97210,OR,45.55,-122.73,2,004300,41,051
962,97212,OR,45.54,-122.64,2,002501,41,051
963,97215,OR,45.51,-122.6,1,001601,41,051
964,97218,OR,45.58,-122.59,1,007300,41,051
965,97221,OR,45.5,-122.73,1,006900,41,051
966,97223,OR,45.45,-122.8,1,031006,41,067
967,97227,OR,45.54,-122.68,1,002303,41,051
968,97231,OR,45.7,-122.8,1,007100,41,051
969,97504,OR,42.3,-122.8,1,000602,41,029
970,97520,OR,42.2,-122.5,1,002500,41,029
971,97753,OR,44.2,-121.0,1,950300,41,013
972,98004,WA,47.62,-122.21,1,024000,53,033
973,98006,WA,47.56,-122.15,1,024901,53,033
974,98014,WA,47.6,-121.9,1,032601,53,033
975,98020,WA,47.81,-122.37,1,050500,53,061
976,98021,WA,47.8,-122.2,1,051925,53,061
977,98029,WA,47.56,-122.02,1,032212,53,033
978,98034,WA,47.72,-122.21,1,022202,53,033
979,98040,WA,47.56,-122.23,4,024601,53,033
980,98058,WA,47.44,-122.12,2,031907,53,033
981,98059,WA,47.5,-122.11,1,031903,53,033
982,98102,WA,47.64,-122.33,3,006100,53,033
983,98103,WA,47.67,-122.34,1,004600,53,033
984,98105,WA,47.66,-122.3,1,005302,53,033
985,98109,WA,47.63,-122.34,1,006700,53,033
986,98110,WA,47.6,-122.5,2,091000,53,035
987,98112,WA,47.62,-122.3,2,007700,53,033
988,98115,WA,47.68,-122.29,3,003900,53,033
989,98118,WA,47.55,-122.26,2,010200,53,033
990,98121,WA,47.61,-122.35,1,008001,53,033
991,98122,WA,47.61,-122.3,2,008800,53,033
992,98133,WA,47.74,-122.34,1,021000,53,033
993,98275,WA,47.91,-122.3,1,042001,53,061
994,98366,WA,47.5,-122.6,1,092801,53,035
995,98370,WA,47.8,-122.6,1,090202,53,035
996,98383,WA,47.68,-122.71,1,090300,53,035
997,98405,WA,47.25,-122.47,1,061200,53,053
998,98466,WA,47.22,-122.54,2,072307,53,053
999,98503,WA,47.03,-122.8,2,011410,53,067
1000,98592,WA,47.32,-123.06,1,960500,53,045
1001,98607,WA,45.7,-122.4,1,040603,53,011
1002,98685,WA,45.72,-122.69,1,040909,53,011
1003,98802,WA,47.5,-120.2,3,950200,53,017
1004,98815,WA,47.5,-120.5,1,960500,53,007
1005,98826,WA,47.7,-120.8,1,960200,53,007
1006,98921,WA,46.4,-120.2,1,002200,53,077
1007,99201,WA,47.66,-117.44,1,002300,53,063
1008,99203,WA,47.63,-117.41,1,004200,53,063
1009,99354,WA,46.5,-119.5,4,012000,53,005
1010,99362,WA,46.1,-118.3,2,920200,53,071
1011,99801,AK,58.0,-134.0,4,000300,02,105
