,ZIP,State,Lat,Lng,Size,Tract,State_code,County,health_insurance,private,public
0,1007,MA,42.3,-72.4,1,820204,25,015,98.8,91.8,16.1
1,1060,MA,42.33,-72.63,1,821904,25,015,97.1,73.6,30.2
2,1089,MA,42.12,-72.64,1,812404,25,013,99.4,76.1,40.3
3,1453,MA,42.52,-71.77,1,709100,25,027,97.2,77.3,32.6
4,1532,MA,42.32,-71.63,1,740102,25,027,99.8,90.3,26.7
5,1540,MA,42.12,-71.85,1,753100,25,027,97.6,75.9,38.9
6,1720,MA,42.49,-71.44,1,363103,25,017,99.2,87.5,21.7
7,1754,MA,42.43,-71.45,1,364102,25,017,98.3,82.9,25.0
8,1770,MA,42.23,-71.37,1,386100,25,017,99.7,94.3,16.3
9,1776,MA,42.39,-71.42,1,365100,25,017,99.6,96.4,13.7
10,1833,MA,42.72,-70.98,3,265102,25,009,99.8,88.7,22.5
11,1886,MA,42.59,-71.44,1,318300,25,017,98.7,92.1,16.2
12,1890,MA,42.45,-71.15,1,338300,25,017,99.8,92.8,21.8
13,1906,MA,42.47,-71.01,4,208300,25,009,95.2,73.2,38.6
14,2131,MA,42.28,-71.12,1,110403,25,025,96.4,76.4,31.1
15,2138,MA,42.38,-71.13,1,354200,25,017,99.4,93.8,21.3
16,2145,MA,42.39,-71.09,1,350200,25,017,95.7,75.6,30.3
17,2210,MA,42.35,-71.04,1,060600,25,025,100.0,93.7,11.5
18,2421,MA,42.44,-71.23,3,358400,25,017,98.3,85.5,26.9
19,2459,MA,42.31,-71.19,1,373900,25,017,98.1,88.3,31.8
20,2467,MA,42.32,-71.16,1,401200,25,021,95.3,89.7,18.7
21,2492,MA,42.28,-71.25,1,403400,25,021,98.6,81.6,31.7
22,2540,MA,41.57,-70.63,1,014900,25,001,98.5,77.3,56.7
23,2563,MA,41.72,-70.48,1,013600,25,001,98.6,81.8,26.4
24,2813,RI,41.4,-71.66,2,051101,44,009,96.4,80.1,31.7
25,2838,RI,41.97,-71.47,3,011500,44,007,97.4,73.2,36.0
26,2906,RI,41.84,-71.39,1,003400,44,007,98.7,90.6,21.0
27,3033,NH,42.75,-71.67,1,018000,33,011,98.7,94.1,14.7
28,3819,NH,42.93,-71.12,1,053000,33,015,93.2,84.3,18.6
29,5048,VT,43.57,-72.42,4,965700,50,027,93.9,67.3,40.6
30,5444,VT,44.6,-72.9,1,002900,50,007,96.7,83.3,26.3
31,6351,CT,41.58,-71.96,2,709100,09,011,96.9,80.0,31.8
32,6410,CT,41.51,-72.91,1,343102,09,009,93.9,79.0,27.7
33,6441,CT,41.46,-72.57,1,590100,09,007,96.9,86.1,25.2
34,6488,CT,41.49,-73.23,4,348125,09,009,99.3,82.7,54.8
35,6611,CT,41.26,-73.21,4,090700,09,001,96.6,80.5,29.8
36,6810,CT,41.38,-73.47,2,210600,09,001,59.0,39.5,24.4
37,7047,NJ,40.79,-74.02,1,015500,34,017,68.6,37.8,36.6
38,7076,NJ,40.64,-74.37,1,038601,34,039,96.2,85.5,22.0
39,7079,NJ,40.75,-74.26,2,019300,34,013,95.5,84.4,20.4
40,7110,NJ,40.82,-74.16,2,013800,34,013,96.3,86.9,23.4
41,7423,NJ,41.0,-74.1,1,027000,34,003,98.1,94.5,17.4
42,7666,NJ,40.89,-74.01,1,054500,34,003,95.8,87.6,15.2
43,7750,NJ,40.33,-73.99,1,804100,34,025,96.3,91.0,26.0
44,7920,NJ,40.68,-74.54,1,052603,34,035,98.9,83.9,24.2
45,8081,NJ,39.74,-74.97,2,609203,34,007,96.7,81.4,25.0
46,8205,NJ,39.49,-74.47,1,010501,34,001,92.2,80.2,37.9
47,8505,NJ,40.1,-74.7,1,701401,34,005,97.4,92.2,20.4
48,8510,NJ,40.18,-74.42,1,812501,34,025,99.4,92.5,16.7
49,8540,NJ,40.4,-74.7,2,054201,34,035,98.1,91.3,18.2
50,8742,NJ,40.08,-74.06,2,711100,34,029,94.8,86.2,23.1
51,8820,NJ,40.58,-74.37,1,001413,34,023,88.5,73.9,22.7
52,8822,NJ,40.5,-74.9,2,011302,34,019,94.8,88.5,17.1
53,8846,NJ,40.57,-74.5,1,000200,34,023,88.7,68.0,31.3
54,8904,NJ,40.5,-74.43,3,001100,34,023,96.4,88.3,15.9
55,10013,NY,40.72,-74.01,1,003900,36,061,96.5,85.0,20.0
56,10306,NY,40.57,-74.13,1,013800,36,085,99.8,76.7,39.5
57,10314,NY,40.6,-74.15,1,027301,36,085,95.5,72.0,35.6
58,10467,NY,40.88,-73.87,1,043500,36,005,95.8,52.7,56.4
59,10522,NY,41.01,-73.87,2,010500,36,119,97.0,87.9,21.2
60,10583,NY,40.99,-73.79,1,009900,36,119,98.4,91.9,14.7
61,10950,NY,41.3,-74.2,1,014202,36,071,97.5,88.2,20.7
62,10952,NY,41.12,-74.09,1,011602,36,087,96.9,70.6,41.6
63,11021,NY,40.79,-73.73,1,300700,36,059,93.0,71.5,40.0
64,11109,NY,40.744,-73.956,2,000700,36,081,94.8,88.1,11.7
65,11201,NY,40.7,-73.99,1,001300,36,047,80.5,70.7,19.9
66,11215,NY,40.67,-73.98,2,015500,36,047,96.7,87.5,17.5
67,11217,NY,40.68,-73.98,1,012901,36,047,93.7,81.8,20.1
68,11231,NY,40.68,-74.0,2,006500,36,047,95.0,87.3,13.7
69,11233,NY,40.68,-73.92,4,037900,36,047,86.0,59.9,35.0
70,11237,NY,40.7,-73.92,1,043100,36,047,73.3,40.0,39.6
71,11238,NY,40.68,-73.96,2,030500,36,047,93.6,71.6,27.4
72,11520,NY,40.64,-73.58,1,414502,36,059,97.0,82.7,29.3
73,11961,NY,40.89,-72.88,1,158710,36,103,96.3,74.6,33.3
74,11971,NY,41.06,-72.43,1,170201,36,103,94.4,80.5,40.1
75,12159,NY,42.65,-73.88,1,014501,36,001,99.3,92.2,26.7
76,12304,NY,42.78,-73.9,1,021800,36,093,95.9,77.3,39.2
77,12946,NY,44.2,-74.0,1,960598,36,031,94.1,78.8,32.4
78,13066,NY,43.04,-76.0,1,015000,36,067,96.8,83.9,28.2
79,13210,NY,43.03,-76.13,1,005500,36,067,93.5,60.3,40.6
80,13224,NY,43.03,-76.1,1,014700,36,067,98.6,89.3,27.0
81,13357,NY,42.97,-75.08,1,010100,36,043,92.4,68.0,39.6
82,13827,NY,42.1,-76.3,1,020600,36,107,95.7,64.5,46.9
83,13905,NY,42.2,-76.0,1,010200,36,007,95.2,79.0,37.8
84,14062,NY,42.4,-79.2,1,036100,36,013,94.7,66.6,41.9
85,14072,NY,43.01,-78.96,1,007304,36,029,99.5,89.9,31.5
86,14226,NY,42.98,-78.79,1,009200,36,029,98.6,82.6,33.9
87,14428,NY,43.1,-77.9,1,015000,36,055,98.1,83.5,34.0
88,14450,NY,43.1,-77.43,1,011703,36,055,97.9,90.5,20.3
89,14580,NY,43.22,-77.45,1,011205,36,055,98.6,91.3,19.3
90,14625,NY,43.15,-77.51,1,011604,36,055,99.3,83.1,44.0
91,14850,NY,42.4,-76.5,5,001100,36,109,94.9,84.2,19.9
92,14882,NY,42.6,-76.6,1,002300,36,109,95.6,74.0,30.9
93,15010,PA,40.8,-80.4,4,605300,42,007,94.3,74.2,38.3
94,15061,PA,40.66,-80.34,1,605500,42,007,97.5,79.8,33.6
95,15090,PA,40.63,-80.08,1,410000,42,003,98.4,93.4,26.5
96,15102,PA,40.32,-80.04,1,475301,42,003,96.8,83.3,32.9
97,15137,PA,40.38,-79.81,2,564400,42,003,94.8,78.0,35.3
98,15202,PA,40.5,-80.08,1,461000,42,003,92.4,73.5,39.8
99,15220,PA,40.44,-80.04,1,562600,42,003,95.6,69.7,40.2
100,15222,PA,40.45,-79.99,1,020300,42,003,98.6,89.2,11.6
101,15228,PA,40.37,-80.05,1,473500,42,003,98.7,94.6,18.1
102,15234,PA,40.37,-80.02,1,476100,42,003,94.9,77.9,34.8
103,15701,PA,40.6,-79.1,1,960800,42,063,97.4,81.9,35.8
104,16002,PA,40.8,-79.9,2,911600,42,019,93.2,81.2,28.0
105,16602,PA,40.51,-78.37,1,010600,42,013,95.4,75.7,38.8
106,16870,PA,40.8,-78.1,1,010500,42,027,93.0,78.5,30.7
107,17112,PA,40.4,-76.8,1,024600,42,043,96.4,89.7,22.9
108,17325,PA,39.8,-77.2,1,031201,42,001,97.8,87.6,35.3
109,17543,PA,40.2,-76.3,1,010201,42,071,83.9,71.9,23.9
110,17728,PA,41.4,-77.1,1,010400,42,081,94.1,78.7,32.2
111,17754,PA,41.29,-76.88,1,010500,42,081,95.8,80.9,32.8
112,17870,PA,40.82,-76.88,1,070200,42,109,88.3,74.1,29.8
113,18036,PA,40.5,-75.4,2,006905,42,077,98.7,93.3,17.1
114,18042,PA,40.65,-75.22,1,018100,42,095,97.3,82.5,35.5
115,18103,PA,40.57,-75.48,1,001402,42,077,86.6,70.7,34.8
116,18902,PA,40.36,-75.11,1,104203,42,017,94.2,89.8,17.8
117,18947,PA,40.43,-75.12,1,104201,42,017,94.8,83.8,19.5
118,18974,PA,40.21,-75.07,1,106200,42,017,95.7,83.6,46.5
119,19010,PA,40.02,-75.33,1,409601,42,045,98.5,89.5,25.5
120,19067,PA,40.2,-74.81,2,105801,42,017,91.5,78.1,21.5
121,19075,PA,40.12,-75.19,1,210100,42,091,93.9,83.4,22.9
122,19143,PA,39.94,-75.22,1,007400,42,101,88.6,36.0,65.8
123,19446,PA,40.23,-75.29,1,201004,42,091,97.3,83.9,32.8
124,19803,DE,39.8,-75.53,1,011400,10,003,96.9,83.4,30.6
125,19958,DE,38.7,-75.2,2,051005,10,005,97.1,74.5,53.0
126,20002,DC,38.91,-76.98,3,008804,11,001,90.3,45.8,54.8
127,20003,DC,38.88,-76.99,3,007100,11,001,99.4,50.4,54.3
128,20003,FL,38.88,-76.99,4,007100,11,001,99.4,50.4,54.3
129,20011,DC,38.95,-77.02,1,002201,11,001,99.1,81.6,31.4
130,20016,DC,38.94,-77.09,1,000901,11,001,98.7,91.7,18.7
131,20170,VA,38.98,-77.38,2,480801,51,059,85.1,78.3,13.9
132,20186,VA,38.7,-77.8,1,930302,51,061,90.0,79.4,23.5
133,20187,VA,38.7,-77.7,2,930403,51,061,91.2,83.3,15.3
134,20607,MD,38.66,-77.01,1,801310,24,033,95.9,79.8,29.3
135,20815,MD,38.98,-77.08,2,705400,24,031,99.8,97.5,16.8
136,20817,MD,39.0,-77.16,6,706013,24,031,97.6,90.0,21.1
137,20850,MD,39.09,-77.19,2,701006,24,031,98.0,90.6,24.6
138,20854,MD,39.0,-77.2,2,706009,24,031,97.1,88.4,22.7
139,20855,MD,39.14,-77.13,1,701307,24,031,97.0,90.1,14.8
140,20902,MD,39.04,-77.04,1,703209,24,031,85.9,67.2,29.3
141,20904,MD,39.07,-76.98,2,701415,24,031,90.2,78.6,22.5
142,21014,MD,39.54,-76.35,4,303803,24,025,97.7,90.6,25.5
143,21015,MD,39.6,-76.3,1,303101,24,025,97.3,86.4,20.2
144,21045,MD,39.21,-76.83,3,606604,24,027,97.2,77.7,31.8
145,21046,MD,39.17,-76.84,1,606707,24,027,96.5,69.3,34.4
146,21048,MD,39.49,-76.91,1,504201,24,013,96.8,88.5,25.7
147,21093,MD,39.44,-76.64,1,408703,24,005,97.5,88.9,23.1
148,21114,MD,39.01,-76.68,1,702206,24,003,96.8,91.9,15.7
149,21120,MD,39.6,-76.7,1,407001,24,005,97.4,87.3,26.1
150,21229,MD,39.28,-76.69,1,250102,24,510,97.0,54.3,51.7
151,21230,MD,39.26,-76.62,1,230300,24,510,97.4,89.7,13.5
152,21409,MD,39.02,-76.45,1,730902,24,003,97.9,92.2,22.5
153,21601,MD,38.8,-76.0,2,960100,24,041,97.1,76.1,36.5
154,21702,MD,39.5,-77.5,1,770700,24,021,96.1,85.6,26.1
155,21704,MD,39.34,-77.38,1,752204,24,021,96.9,87.1,12.8
156,21740,MD,39.6,-77.7,1,011100,24,043,94.8,68.6,41.4
157,21773,MD,39.54,-77.56,1,752802,24,021,95.7,83.3,25.5
158,21921,MD,39.6,-75.9,2,030903,24,015,94.0,57.4,46.9
159,22043,VA,38.9,-77.19,2,471000,51,059,98.6,96.4,14.2
160,22101,VA,38.94,-77.16,6,470400,51,059,95.7,91.6,19.0
161,22124,VA,38.89,-77.33,4,481600,51,059,96.0,92.3,19.2
162,22151,VA,38.8,-77.21,6,430500,51,059,95.0,84.5,20.2
163,22153,VA,38.74,-77.23,10,432600,51,059,92.9,91.1,16.2
164,22180,VA,38.9,-77.25,1,460800,51,059,92.8,89.0,13.5
165,22201,VA,38.89,-77.1,4,101500,51,013,91.9,89.1,10.4
166,22304,VA,38.81,-77.13,1,200405,51,510,77.6,70.6,12.8
167,22305,VA,38.84,-77.06,1,201203,51,510,62.3,41.6,26.2
168,22308,VA,38.75,-77.06,1,415500,51,059,96.1,81.0,27.4
169,22315,VA,38.75,-77.15,1,421103,51,059,98.0,94.9,14.8
170,22485,VA,38.3,-77.2,1,040300,51,099,91.5,82.4,23.6
171,22553,VA,38.3,-77.6,1,020106,51,177,95.8,89.3,24.3
172,22655,VA,39.06,-78.23,1,050801,51,069,81.8,68.7,27.4
173,22901,AZ,38.1,-78.6,1,010100,51,003,89.3,79.7,29.0
174,22923,VA,38.2,-78.3,1,110300,51,137,91.2,70.9,34.1
175,22980,VA,38.1,-78.9,1,070600,51,015,91.1,81.6,27.9
176,23059,VA,37.7,-77.5,1,200406,51,087,94.5,89.0,17.6
177,23060,VA,37.66,-77.53,1,200413,51,087,92.7,82.7,29.8
178,23112,VA,37.44,-77.68,1,100912,51,041,92.6,83.3,23.2
179,23185,VA,37.2,-76.7,1,860100,51,181,85.8,62.4,37.1
180,23225,VA,37.52,-77.5,5,071100,51,760,81.3,67.8,22.3
181,23235,VA,37.54,-77.57,1,070100,51,760,91.9,82.0,33.1
182,23322,VA,36.6,-76.3,2,021200,51,550,94.5,86.3,21.7
183,23451,VA,36.86,-76.03,1,044402,51,810,86.1,79.6,23.7
184,23505,VA,36.93,-76.29,1,000902,51,710,93.6,92.8,0.8
185,23507,VA,36.87,-76.31,1,003800,51,710,93.4,91.1,14.0
186,24012,VA,37.32,-79.9,1,031202,51,161,97.7,88.8,22.5
187,24401,VA,38.1,-79.1,1,070900,51,015,93.3,71.9,45.9
188,24459,VA,38.0,-79.3,1,071000,51,015,86.0,69.1,31.6
189,24502,VA,37.36,-79.21,2,001600,51,680,91.3,76.3,28.8
190,24874,WV,37.6,-81.5,1,003100,54,109,88.5,47.9,59.7
191,26062,WV,40.42,-80.57,1,020700,54,029,92.2,77.0,33.7
192,26105,WV,39.33,-81.51,1,010102,54,107,94.5,70.2,38.5
193,26508,WV,39.6,-79.9,1,011803,54,061,93.9,74.0,30.1
194,27012,NC,36.01,-80.37,1,004015,37,067,95.9,84.1,21.2
195,27104,NC,36.1,-80.32,1,003906,37,067,95.1,84.8,29.7
196,27455,NC,36.18,-79.82,1,015600,37,081,93.2,82.7,18.8
197,27502,NC,35.7,-78.9,1,053413,37,183,96.7,89.8,11.6
198,27513,NC,35.8,-78.8,4,053522,37,183,95.6,89.2,13.2
199,27516,NC,35.9,-79.2,2,011203,37,135,92.6,80.7,26.0
200,27519,NC,35.81,-78.89,1,053411,37,183,99.0,94.4,9.0
201,27539,NC,35.7,-78.8,1,053421,37,183,94.6,87.0,15.6
202,27703,NC,35.94,-78.8,1,001808,37,063,93.1,82.5,20.3
203,27858,NC,35.5,-77.3,1,001100,37,147,83.5,62.8,32.2
204,28027,NC,35.4,-80.7,1,041303,37,025,96.3,91.1,9.1
205,28031,NC,35.47,-80.89,3,006208,37,119,94.4,89.8,12.5
206,28036,NC,35.48,-80.8,3,006404,37,119,96.3,90.0,13.2
207,28056,NC,35.2,-81.1,1,033307,37,071,90.6,66.7,33.0
208,28078,NC,35.4,-80.9,1,006214,37,119,91.0,86.2,12.1
209,28104,NC,35.1,-80.7,1,005835,37,119,93.4,85.4,18.0
210,28117,NC,35.57,-80.89,2,061405,37,097,94.5,85.3,24.5
211,28203,NC,35.21,-80.86,4,003400,37,119,97.6,94.0,7.7
212,28226,NC,35.11,-80.83,1,003008,37,119,89.1,75.3,28.4
213,28278,NC,35.1,-81.0,2,005910,37,119,89.6,78.8,15.3
214,28692,NC,36.3,-81.8,1,920200,37,189,88.9,71.7,29.9
215,28704,NC,35.46,-82.57,1,002301,37,021,94.7,76.3,30.1
216,28705,NC,36.0,-82.2,1,950200,37,121,84.0,54.2,45.4
217,28714,NC,35.9,-82.3,1,960300,37,199,80.8,52.2,49.7
218,28779,NC,35.3,-83.2,1,950600,37,099,93.5,80.6,22.6
219,28787,NC,35.7,-82.5,1,002703,37,021,93.8,71.1,38.8
220,28805,NC,35.62,-82.49,2,003001,37,021,88.3,67.4,36.9
221,29401,SC,32.78,-79.93,1,005100,45,019,87.8,72.8,33.5
222,29464,SC,32.82,-79.86,1,004606,45,019,93.9,85.1,23.9
223,29576,SC,33.56,-79.08,1,920502,45,043,83.0,63.3,43.6
224,29607,SC,34.84,-82.38,1,004300,45,045,79.6,44.0,45.0
225,29617,SC,34.91,-82.47,2,003701,45,045,93.4,74.1,33.6
226,29651,SC,34.9,-82.2,2,023202,45,083,89.2,67.5,36.7
227,29681,SC,34.76,-82.22,2,003009,45,045,94.3,85.3,20.3
228,29902,SC,32.38,-80.7,2,000800,45,013,89.3,65.6,37.1
229,30067,GA,33.93,-84.46,2,030320,13,067,96.9,89.1,18.3
230,30124,GA,34.14,-85.35,1,002000,13,115,89.1,63.1,43.5
231,30145,GA,34.2,-85.0,1,961000,13,015,86.5,67.6,29.8
232,30284,GA,33.41,-84.3,1,070501,13,151,79.6,55.1,31.3
233,30309,GA,33.8,-84.39,1,000500,13,121,90.5,83.3,11.2
234,30319,GA,33.86,-84.35,2,010002,13,121,98.5,92.9,13.7
235,30328,GA,33.93,-84.4,1,010205,13,121,96.5,86.8,19.1
236,30736,GA,34.9,-85.1,1,030100,13,047,86.5,65.2,31.8
237,31220,GA,32.88,-83.81,1,013605,13,021,94.2,77.7,27.4
238,31324,GA,31.9,-81.3,1,920306,13,029,93.6,84.4,18.2
239,32082,FL,30.1,-81.4,1,020602,12,109,91.8,79.1,29.3
240,32259,FL,30.1,-81.6,1,020805,12,109,95.7,88.7,13.9
241,32401,FL,30.16,-85.67,1,002200,12,005,80.3,44.8,42.9
242,32536,FL,30.7,-86.7,1,020100,12,091,83.0,64.6,30.7
243,32708,FL,28.68,-81.27,1,021403,12,117,96.7,86.3,21.7
244,32746,FL,28.76,-81.36,1,020805,12,117,93.1,80.9,25.4
245,32836,FL,28.41,-81.52,1,017108,12,095,85.6,76.9,15.5
246,32952,FL,28.3,-80.7,1,062800,12,009,90.4,70.3,43.2
247,33186,FL,25.66,-80.41,1,018900,12,086,92.3,79.0,22.6
248,33311,FL,26.13,-80.16,1,041500,12,011,82.4,20.8,66.1
249,33328,FL,26.07,-80.27,1,070209,12,011,95.7,85.2,19.4
250,33527,FL,27.97,-82.22,1,012402,12,057,69.4,39.1,38.3
251,33538,FL,28.8,-82.2,1,451000,12,017,94.0,68.0,54.1
252,33556,FL,28.2,-82.6,2,031701,12,101,94.1,76.4,36.4
253,33702,FL,27.85,-82.63,4,024411,12,103,90.1,75.3,21.7
254,33921,FL,26.83,-82.28,1,030402,12,015,93.1,70.2,63.3
255,33922,FL,26.66,-82.14,1,070101,12,071,89.8,53.8,56.8
256,34102,FL,26.13,-81.8,1,000101,12,021,96.0,66.1,65.9
257,34110,FL,26.3,-81.79,1,010102,12,021,94.9,80.8,42.2
258,34134,FL,26.36,-81.85,1,060300,12,071,99.2,80.2,61.8
259,34223,FL,26.98,-82.37,1,002603,12,115,94.8,75.1,56.1
260,34470,FL,29.2,-82.09,2,002002,12,083,76.9,44.7,43.3
261,34480,FL,29.1,-82.1,1,002402,12,083,88.7,68.4,29.3
262,34639,FL,28.3,-82.4,1,032001,12,101,93.2,83.6,19.9
263,34655,FL,28.23,-82.63,1,031707,12,101,94.3,69.0,49.7
264,34711,FL,28.5,-81.8,1,031311,12,069,89.1,64.1,36.4
265,34758,FL,28.2,-81.5,1,041100,12,097,74.1,39.4,41.2
266,34786,FL,28.48,-81.56,1,017105,12,095,89.9,84.1,9.4
267,34787,FL,28.5,-81.6,2,017105,12,095,89.9,84.1,9.4
268,34949,FL,27.5,-80.31,2,381204,12,111,92.8,68.7,64.7
269,34996,FL,27.2,-80.19,1,000502,12,085,98.2,76.5,37.2
270,34997,FL,27.1,-80.3,1,001700,12,085,92.1,76.0,33.0
271,36527,AL,30.7,-87.9,1,010701,01,003,94.9,84.1,25.5
272,36559,AL,30.572,-87.897,2,010800,01,003,93.8,78.4,27.5
273,37069,TN,35.99,-86.91,2,050406,47,187,98.1,91.0,15.5
274,37122,TN,36.2,-86.5,4,030309,47,189,92.6,75.1,28.0
275,37203,TN,36.15,-86.79,1,016300,47,037,91.7,52.6,48.5
276,37205,TN,36.11,-86.87,1,018203,47,037,97.3,89.3,21.8
277,37212,TN,36.13,-86.8,3,016900,47,037,94.5,88.9,11.8
278,37221,TN,36.06,-86.96,1,018407,47,037,95.6,87.9,17.6
279,37388,TN,35.3,-86.2,1,960201,47,051,92.3,68.5,41.0
280,37604,TN,36.3,-82.38,1,060502,47,179,89.4,68.1,35.8
281,37694,TN,36.38,-82.28,1,071100,47,019,82.6,55.9,42.2
282,37774,TN,35.7,-84.4,1,060700,47,105,89.2,56.4,46.5
283,37830,TN,36.0,-84.3,1,020100,47,001,88.9,54.2,44.3
284,38011,TN,35.5,-89.7,1,040500,47,167,91.4,73.2,28.2
285,38138,TN,35.08,-89.79,1,021341,47,157,98.1,90.9,26.5
286,38231,TN,36.22,-88.42,1,969800,47,079,87.2,61.1,38.2
287,38871,MS,34.33,-89.19,1,950200,28,115,83.0,59.9,34.8
288,39090,MS,33.1,-89.5,1,060100,28,007,86.0,50.7,48.9
289,40202,KY,38.25,-85.75,1,005900,21,111,94.0,40.1,60.0
290,40218,KY,38.19,-85.66,1,011301,21,111,93.4,54.8,51.0
291,40223,KY,38.26,-85.54,16,010406,21,111,96.7,82.2,31.2
292,40245,KY,38.26,-85.46,2,010307,21,111,98.1,93.2,19.1
293,40258,KY,38.14,-85.86,1,012406,21,111,95.7,76.8,37.5
294,40299,KY,38.2,-85.5,1,011601,21,111,97.9,91.7,18.5
295,40324,KY,38.3,-84.6,1,040603,21,209,90.0,78.0,24.8
296,41005,KY,39.0,-84.8,2,070502,21,015,95.7,72.0,32.4
297,41075,KY,39.08,-84.45,1,052301,21,037,93.4,75.4,29.9
298,42088,KY,36.6,-88.8,1,020500,21,083,90.4,57.7,47.5
299,42101,KY,37.0,-86.5,1,011200,21,227,95.6,48.2,57.4
300,42141,KY,36.9,-85.9,1,950900,21,009,85.2,60.2,40.2
301,43015,OH,40.3,-83.1,1,010520,39,041,94.2,83.3,20.8
302,43055,OH,40.1,-82.4,1,751900,39,089,88.6,58.4,39.9
303,43065,OH,40.17,-83.1,1,011900,39,041,98.2,91.7,15.6
304,43082,OH,40.16,-82.87,1,011750,39,041,97.8,92.2,12.6
305,43085,OH,40.1,-83.01,1,006722,39,049,93.5,84.3,25.9
306,43112,OH,39.8,-82.72,1,030800,39,045,96.7,85.8,22.8
307,43235,OH,40.1,-83.06,1,006387,39,049,89.4,76.5,23.5
308,43571,OH,41.51,-83.81,1,008901,39,095,97.9,83.2,26.6
309,44047,OH,41.7,-80.7,1,001302,39,007,89.6,58.2,50.1
310,44107,OH,41.48,-81.8,1,161300,39,035,95.5,69.6,34.8
311,44120,OH,41.47,-81.58,1,119900,39,035,86.0,46.5,62.5
312,44133,OH,41.31,-81.74,1,175201,39,035,94.4,85.8,22.0
313,44139,OH,41.39,-81.44,1,184104,39,035,95.9,81.2,30.2
314,44140,OH,41.49,-81.92,2,130105,39,035,97.2,85.3,22.5
315,44223,OH,41.17,-81.53,1,532902,39,153,95.1,75.1,31.2
316,44236,OH,41.25,-81.46,1,534000,39,153,98.9,92.5,22.0
317,44312,OH,41.01,-81.44,1,531102,39,153,94.2,70.6,39.8
318,44514,OH,41.01,-80.61,1,811002,39,099,98.6,85.2,25.5
319,44691,OH,40.8,-82.0,1,002000,39,169,96.0,85.6,25.3
320,44705,OH,40.83,-81.34,1,700200,39,151,87.6,52.7,43.7
321,44805,OH,40.9,-82.3,1,970400,39,005,90.2,63.2,45.2
322,45015,OH,39.36,-84.54,1,010906,39,017,83.6,61.9,28.4
323,45040,OH,39.35,-84.3,3,031902,39,165,95.9,87.6,19.4
324,45140,OH,39.26,-84.24,1,040302,39,025,95.8,84.7,22.5
325,45209,OH,39.15,-84.43,1,005301,39,061,96.8,81.6,20.7
326,45214,OH,39.12,-84.55,1,009200,39,061,82.3,20.3,68.2
327,45215,OH,39.24,-84.46,1,022700,39,061,90.9,38.5,66.8
328,45331,OH,40.1,-84.6,4,550100,39,037,96.0,73.5,40.3
329,45338,OH,39.84,-84.57,1,420100,39,135,96.1,74.1,36.9
330,45385,OH,39.7,-83.9,1,240600,39,057,92.3,56.7,45.5
331,45414,OH,39.83,-84.21,1,080500,39,113,88.9,41.5,53.3
332,45424,OH,39.84,-84.11,1,100400,39,113,92.7,75.1,31.7
333,45440,OH,39.67,-84.1,1,220100,39,057,96.8,92.5,14.9
334,45710,OH,39.2,-82.2,1,964300,39,105,91.6,62.3,45.7
335,46123,IN,39.76,-86.39,1,210606,18,063,88.0,73.2,23.0
336,46148,IN,39.82,-85.52,1,976700,18,065,91.8,70.6,31.8
337,46205,IN,39.82,-86.12,1,350500,18,097,68.9,27.6,52.8
338,46219,IN,39.78,-86.05,1,360700,18,097,92.5,67.8,35.2
339,46234,IN,39.81,-86.32,1,340114,18,097,91.4,81.5,19.4
340,46237,IN,39.68,-86.09,1,380902,18,097,96.4,88.3,21.8
341,46250,IN,39.91,-86.07,1,320304,18,097,97.3,90.0,19.8
342,46260,IN,39.9,-86.18,1,320109,18,097,93.3,72.4,37.9
343,46554,IN,41.6,-86.4,1,012000,18,141,95.7,75.4,34.8
344,46637,IN,41.73,-86.24,1,011302,18,141,93.8,80.1,29.6
345,46804,IN,41.05,-85.24,1,011603,18,003,97.2,89.3,23.1
346,47150,IN,38.3,-85.8,1,070302,18,043,91.9,70.9,31.4
347,47203,IN,39.2,-85.8,1,011300,18,005,91.4,79.5,30.0
348,47265,IN,39.0,-85.6,1,960200,18,079,87.6,66.4,33.6
349,47404,IN,39.2,-86.6,1,001305,18,105,95.5,81.1,24.6
350,47710,IN,38.02,-87.58,2,003900,18,163,94.0,75.9,32.3
351,47712,IN,37.9,-87.7,1,010403,18,163,97.3,88.7,21.0
352,47906,IN,40.5,-87.0,3,010201,18,157,93.3,76.5,26.2
353,48069,MI,42.47,-83.14,1,187000,26,125,97.2,92.9,18.1
354,48096,MI,42.76,-82.92,1,216000,26,099,94.7,81.3,31.5
355,48103,MI,42.3,-83.9,2,448000,26,161,95.0,87.2,18.2
356,48105,MI,42.3,-83.7,1,402600,26,161,98.8,93.0,13.5
357,48137,MI,42.5,-84.1,4,732100,26,093,90.2,76.4,33.1
358,48152,MI,42.42,-83.37,2,556800,26,163,95.9,88.6,25.4
359,48158,MI,42.2,-84.0,1,432000,26,161,94.3,87.4,24.9
360,48169,MI,42.5,-83.9,1,743400,26,093,99.0,94.3,20.7
361,48301,MI,42.54,-83.28,1,150900,26,125,97.0,91.0,27.8
362,48307,MI,42.66,-83.12,1,193400,26,125,97.8,89.8,16.5
363,48322,MI,42.54,-83.38,1,157800,26,125,96.1,86.2,34.2
364,48324,MI,42.59,-83.38,1,154500,26,125,97.6,92.3,21.7
365,48357,MI,42.65,-83.64,1,131800,26,125,94.2,78.8,31.0
366,48603,MI,43.47,-84.02,1,010302,26,145,95.5,86.8,27.7
367,48611,MI,43.64,-84.09,2,285600,26,017,95.1,79.5,30.8
368,48823,MI,42.76,-84.44,1,004600,26,065,98.8,93.3,28.4
369,48864,MI,42.71,-84.4,1,004901,26,065,93.3,83.8,21.3
370,48910,MI,42.7,-84.52,1,002901,26,065,90.0,70.8,35.0
371,49024,MI,42.2,-85.62,1,002002,26,077,95.6,87.7,29.3
372,49245,MI,42.1,-84.8,1,003100,26,025,91.5,66.5,37.9
373,49406,MI,42.64,-86.2,1,030800,26,005,94.4,76.6,35.1
374,49412,MI,43.5,-85.9,1,970600,26,123,90.2,71.1,39.3
375,49418,MI,42.88,-85.78,1,013100,26,081,89.2,73.1,28.0
376,49426,MI,42.8,-85.9,1,023002,26,139,96.8,78.8,24.4
377,49506,MI,42.94,-85.62,1,003400,26,081,95.3,77.8,31.5
378,49507,MI,42.93,-85.65,1,003700,26,081,89.1,39.2,56.2
379,49668,MI,44.4,-85.7,1,380300,26,165,90.3,56.1,51.0
380,50135,IA,41.7,-92.9,1,040100,19,099,92.9,73.5,32.4
381,50219,IA,41.4,-92.9,1,030200,19,125,96.7,75.8,34.6
382,50263,IA,41.6,-93.9,5,050902,19,049,97.8,82.8,26.6
383,50266,IA,41.56,-93.81,1,050811,19,049,97.3,91.7,13.4
384,50627,IA,42.3,-93.1,1,480500,19,083,96.0,82.9,30.8
385,50651,IA,42.3,-92.2,2,002902,19,013,96.6,80.6,33.0
386,51334,IA,43.4,-94.8,4,070300,19,063,92.6,72.0,33.4
387,51534,IA,41.0,-95.7,1,040201,19,129,93.5,78.5,32.0
388,52241,IA,41.69,-91.59,1,000302,19,103,88.4,70.3,25.2
389,52314,IA,41.9,-91.5,1,010700,19,113,96.0,86.5,22.0
390,52803,IA,41.54,-90.56,1,011600,19,163,92.1,70.7,27.4
391,53005,WI,43.06,-88.1,1,201000,55,133,100.0,91.0,26.3
392,53072,WI,43.1,-88.3,2,203303,55,133,97.6,83.4,29.5
393,53097,WI,43.24,-87.98,1,660100,55,089,95.0,83.3,30.7
394,53149,WI,42.9,-88.3,4,202001,55,133,98.7,86.8,26.0
395,53150,WI,42.88,-88.13,1,201900,55,133,97.7,88.8,23.1
396,53154,WI,42.89,-87.89,4,160203,55,079,93.3,77.6,28.2
398,53211,WI,43.07,-87.89,2,007800,55,079,92.1,83.2,13.7
399,53593,WI,43.0,-89.6,1,010904,55,025,98.6,94.3,15.9
400,53719,WI,43.03,-89.5,1,000504,55,025,97.0,93.0,10.7
401,53901,WI,43.5,-89.5,1,970600,55,021,96.8,85.2,32.7
402,53916,WI,43.5,-88.9,2,960600,55,027,97.1,78.2,32.7
403,54313,WI,44.6,-88.1,1,020204,55,009,97.0,89.2,14.7
404,54401,WI,45.0,-89.7,1,001500,55,073,96.7,86.6,24.3
405,54452,WI,45.2,-89.7,1,960700,55,069,97.2,83.6,30.9
406,54455,WI,44.8,-89.7,1,001202,55,073,94.9,79.3,32.9
407,54467,WI,44.4,-89.5,1,961300,55,097,90.3,72.6,31.4
408,54665,WI,43.5,-90.9,1,960500,55,123,85.1,60.9,40.6
409,54666,WI,44.2,-90.4,1,960100,55,053,89.3,63.1,42.7
410,54901,WI,44.07,-88.52,4,001600,55,139,95.0,79.1,31.9
411,55014,MN,45.19,-93.13,4,050229,27,003,98.7,92.3,15.9
412,55057,MN,44.5,-93.2,1,061502,27,037,98.3,86.0,26.7
413,55082,MN,45.1,-92.8,1,070404,27,163,98.9,92.0,16.9
415,55108,MN,44.98,-93.18,4,042001,27,123,98.8,90.6,16.5
416,55113,MN,45.01,-93.16,2,041800,27,123,97.3,83.7,30.6
417,55116,MN,44.91,-93.17,1,037500,27,123,95.4,79.8,29.4
418,55123,MN,44.8,-93.14,1,060732,27,037,98.1,92.1,12.2
419,55301,MN,45.24,-93.67,2,100801,27,171,96.7,88.2,14.0
420,55347,MN,44.83,-93.46,2,026018,27,053,98.6,93.5,13.5
421,55352,MN,44.7,-93.6,1,080800,27,139,93.7,83.1,19.2
422,55369,MN,45.13,-93.46,1,026708,27,053,96.8,88.3,21.4
423,55378,MN,44.76,-93.37,2,080202,27,139,95.3,91.1,9.8
424,55408,MN,44.94,-93.29,1,109200,27,053,94.9,83.1,21.0
425,55411,MN,45.0,-93.3,1,102100,27,053,92.4,43.4,56.7
426,55443,MN,45.12,-93.33,2,026823,27,053,90.3,75.9,26.6
427,56071,MN,44.5,-93.6,1,950100,27,079,98.2,82.9,29.1
428,57042,SD,44.0,-97.2,1,960100,46,079,95.7,84.1,24.4
429,57105,SD,43.52,-96.73,1,001500,46,099,86.2,66.5,28.1
430,57701,SD,44.1,-103.2,3,010400,46,103,84.9,54.3,49.7
431,57719,SD,44.2,-103.0,1,020500,46,093,92.3,81.9,19.4
432,59701,MT,46.1,-112.4,1,962202,30,043,86.8,66.5,36.6
433,59718,MT,45.6,-111.1,1,000502,30,031,96.3,89.8,21.3
434,59725,MT,45.0,-112.9,1,000100,30,001,81.4,63.2,41.5
435,59860,MT,47.8,-114.2,1,940303,30,047,82.0,50.7,49.4
436,59870,MT,46.5,-114.1,2,000201,30,081,90.5,60.3,43.1
437,59937,MT,48.5,-114.6,2,000100,30,029,78.4,54.9,38.5
438,60002,IL,42.5,-88.1,2,002906,55,059,94.3,81.1,25.7
439,60012,IL,42.28,-88.31,1,870803,17,111,98.9,91.9,18.5
440,60016,IL,42.05,-87.89,1,806102,17,031,95.6,79.2,27.8
441,60045,IL,42.24,-87.87,1,863500,17,097,97.6,86.9,31.4
442,60046,IL,42.41,-88.06,4,861013,17,097,94.5,87.1,21.1
443,60047,IL,42.21,-88.04,1,864402,17,097,99.0,92.4,15.2
444,60056,IL,42.06,-87.93,1,804901,17,031,98.1,91.5,21.5
445,60060,IL,42.27,-88.04,1,864105,17,097,94.5,82.3,25.6
446,60068,IL,42.02,-87.84,1,805501,17,031,93.6,84.0,22.6
447,60115,IL,41.9,-88.7,1,001600,17,037,92.2,77.1,20.8
448,60130,IL,41.87,-87.82,1,816100,17,031,88.6,69.8,25.1
449,60139,IL,41.92,-88.08,1,840911,17,043,91.5,69.1,30.8
450,60154,IL,41.85,-87.89,1,818402,17,031,92.1,80.4,25.7
451,60173,IL,42.04,-88.05,1,804603,17,031,88.4,68.8,24.9
452,60188,IL,41.92,-88.13,1,841210,17,043,89.4,69.6,26.9
453,60189,IL,41.83,-88.12,2,842601,17,043,98.7,90.6,18.6
454,60302,IL,41.89,-87.79,4,812400,17,031,98.7,91.9,16.2
455,60304,IL,41.87,-87.78,1,813100,17,031,93.5,80.5,23.3
456,60401,IL,41.34,-87.62,1,883902,17,197,93.8,82.3,26.6
457,60402,IL,41.83,-87.78,1,815500,17,031,87.2,62.4,32.1
458,60423,IL,41.48,-87.84,1,883504,17,197,98.8,85.8,38.0
459,60451,IL,41.51,-87.96,1,881115,17,197,96.3,89.4,16.8
460,60513,IL,41.83,-87.85,4,818800,17,031,96.1,85.8,20.0
461,60515,IL,41.81,-88.03,1,844802,17,043,98.3,91.7,22.5
462,60527,IL,41.74,-87.95,3,845811,17,043,93.2,80.1,25.2
463,60534,IL,41.81,-87.82,1,819200,17,031,89.0,56.1,41.9
464,60542,IL,41.8,-88.35,1,853001,17,089,89.5,75.4,21.1
465,60565,IL,41.72,-88.11,1,880118,17,197,97.6,92.4,13.9
466,60605,IL,41.87,-87.62,1,320600,17,031,98.8,91.4,15.2
467,60608,IL,41.85,-87.68,1,841300,17,031,79.9,49.1,35.2
468,60613,IL,41.95,-87.65,2,061000,17,031,95.1,90.6,6.0
469,60630,IL,41.97,-87.76,1,110502,17,031,90.1,68.9,28.5
470,61008,IL,42.2,-88.8,4,010400,17,007,91.4,78.2,27.8
471,61073,IL,42.42,-88.99,1,003904,17,201,94.4,77.1,30.1
472,61550,IL,40.61,-89.43,1,021606,17,179,97.6,87.9,23.1
473,61701,IL,40.47,-88.99,1,005900,17,113,93.8,60.9,40.7
474,62269,IL,38.6,-89.91,4,504351,17,163,94.0,78.9,33.4
475,62281,IL,38.71,-89.79,1,403702,17,119,96.1,86.9,20.0
476,63021,MO,38.56,-90.53,3,217932,29,189,98.0,89.2,21.3
477,63026,MO,38.5,-90.46,1,700210,29,099,89.7,68.0,36.2
478,63073,MO,38.5,-90.7,1,221503,29,189,95.6,85.2,17.6
479,63110,MO,38.63,-90.27,1,112100,29,510,89.8,75.1,26.7
480,63116,MO,38.58,-90.27,1,115100,29,510,82.0,48.2,41.0
481,63119,MO,38.59,-90.32,1,219600,29,189,96.0,86.2,26.8
482,63124,MO,38.64,-90.38,1,217500,29,189,99.0,91.8,24.1
483,63129,MO,38.45,-90.33,2,220444,29,189,97.0,90.2,19.6
484,63130,MO,38.67,-90.32,1,215900,29,189,85.2,60.3,38.1
485,63366,MO,38.9,-90.7,2,311500,29,183,80.5,58.0,32.1
486,63368,MO,38.75,-90.73,2,311154,29,183,98.2,94.2,14.9
487,64014,MO,39.01,-94.25,1,014105,29,095,95.0,78.2,26.5
488,64048,MO,39.44,-94.35,1,021804,29,047,96.7,89.3,22.6
489,64113,MO,39.01,-94.59,4,008600,29,095,94.7,84.8,18.6
490,64137,MO,38.94,-94.54,1,010201,29,095,84.4,41.6,48.2
491,64151,MO,39.21,-94.63,4,030001,29,165,92.4,72.1,27.7
492,64154,MO,39.28,-94.63,1,030201,29,165,99.0,92.4,17.3
493,64157,MO,39.27,-94.47,1,021310,29,047,95.8,93.0,7.2
494,64505,MO,39.83,-94.84,1,010100,29,003,94.8,82.3,22.7
495,64804,MO,37.0,-94.5,1,020601,29,145,90.4,76.4,28.3
496,64836,MO,37.2,-94.3,2,012100,29,097,86.5,70.1,28.9
497,65202,MO,39.0,-92.3,9,001503,29,019,89.1,60.9,39.4
498,65584,MO,37.82,-92.11,2,470287,29,169,92.2,72.9,36.3
499,65612,MO,37.22,-93.56,1,004900,29,077,90.9,70.3,31.5
500,65669,MO,36.92,-93.31,3,020500,29,043,87.5,67.7,30.8
501,65757,MO,37.3,-93.1,2,004600,29,077,90.5,71.0,28.4
502,66053,KS,38.6,-94.7,1,100500,20,121,95.1,84.0,25.2
503,66062,KS,38.85,-94.78,1,053509,20,091,97.4,89.2,18.5
504,66086,KS,39.1,-95.1,1,071800,20,103,95.5,86.8,20.3
505,66213,KS,38.9,-94.7,1,053108,20,091,96.6,90.5,17.2
506,66220,KS,38.96,-94.82,1,052601,20,091,95.6,90.1,13.0
507,66224,KS,38.86,-94.63,1,053410,20,091,99.3,96.0,8.9
508,66762,KS,37.4,-94.8,1,956700,20,037,92.2,69.5,32.7
509,67026,KS,37.5,-97.5,1,009604,20,173,95.8,85.9,24.4
510,67207,KS,37.66,-97.23,1,007203,20,173,90.6,76.3,24.8
511,67530,KS,38.4,-98.8,1,971800,20,009,90.7,67.7,35.6
512,68008,NE,41.5,-96.2,1,050201,31,177,97.9,91.3,19.6
513,68128,NE,41.18,-96.07,1,010622,31,153,99.6,92.1,13.5
514,68164,NE,41.3,-96.11,1,007432,31,055,87.3,75.5,18.1
515,68516,NE,40.73,-96.64,1,003714,31,109,93.8,88.1,12.9
516,68521,NE,40.86,-96.71,1,003001,31,109,95.9,77.9,30.1
517,70001,LA,29.98,-90.16,2,022800,22,051,82.3,61.8,32.0
518,70005,LA,30.0,-90.13,2,022302,22,051,87.5,69.7,31.4
519,70119,LA,29.97,-90.09,1,005000,22,071,67.0,37.5,32.5
520,70121,LA,29.96,-90.16,1,024500,22,051,91.7,67.5,42.2
521,70448,LA,30.37,-90.04,1,041211,22,103,96.1,80.3,23.3
522,70506,LA,30.19,-92.08,1,001904,22,055,87.9,72.5,26.9
523,70508,LA,30.16,-92.03,1,001406,22,055,90.6,77.0,23.2
524,70806,LA,30.45,-91.12,1,001800,22,033,85.0,60.8,41.8
525,71270,LA,32.5,-92.6,5,960800,22,061,86.4,47.2,49.8
526,71655,AR,33.6,-91.8,1,490300,05,043,93.8,65.9,37.9
527,72137,AR,35.3,-92.0,1,070300,05,145,89.5,66.1,37.8
528,72401,AR,35.9,-90.6,2,001100,05,031,87.9,57.2,39.3
529,72687,AR,36.3,-92.7,4,960300,05,089,91.3,65.4,58.6
530,72704,AR,36.1,-94.3,1,010508,05,143,95.6,84.9,21.9
531,72901,AR,35.36,-94.41,4,001002,05,131,95.7,82.3,29.6
532,73012,OK,35.67,-97.59,1,108512,40,109,94.5,89.5,10.4
533,73068,OK,35.1,-97.3,3,202404,40,027,90.5,66.4,36.3
534,73072,OK,35.2,-97.5,1,201508,40,027,83.0,60.2,34.7
535,73103,OK,35.49,-97.52,1,101700,40,109,92.7,85.7,14.1
536,74006,OK,36.7,-95.9,9,000600,40,147,91.1,72.9,34.5
537,74008,OK,35.9,-95.8,1,030601,40,145,90.0,76.0,27.4
538,74011,OK,35.98,-95.82,1,007513,40,143,95.8,85.2,22.2
539,74133,OK,36.04,-95.88,2,007524,40,143,90.7,82.7,24.9
540,74464,OK,35.9,-95.0,1,978000,40,021,79.2,44.3,47.4
541,75022,TX,33.03,-97.12,1,021750,48,121,97.2,93.6,10.0
542,75024,TX,33.08,-96.81,4,031657,48,085,83.8,82.6,3.4
543,75035,TX,33.16,-96.77,1,030518,48,085,99.3,96.7,4.4
544,75048,TX,32.97,-96.58,1,018122,48,113,90.0,75.0,19.8
545,75069,TX,33.18,-96.59,2,030900,48,085,67.5,39.0,36.8
546,75070,TX,33.16,-96.72,2,030517,48,085,92.4,88.2,10.4
547,75093,TX,33.04,-96.81,1,031648,48,085,94.0,85.7,16.0
548,75154,TX,32.5,-96.8,1,060213,48,139,85.3,71.1,25.1
549,75204,TX,32.8,-96.79,1,001600,48,113,94.2,64.0,37.0
550,75214,TX,32.83,-96.74,1,008000,48,113,94.7,87.3,16.3
551,75220,TX,32.86,-96.87,4,007201,48,113,50.6,19.0,33.0
552,75234,TX,32.92,-96.9,4,014002,48,113,100.0,56.0,65.3
553,75438,TX,33.6,-96.09,1,950500,48,147,87.1,62.2,38.4
554,75965,TX,31.7,-94.6,1,950400,48,347,88.0,74.9,30.2
555,76034,TX,32.89,-97.14,2,113634,48,439,99.9,94.9,14.1
556,76049,TX,32.5,-97.7,1,160209,48,221,87.4,77.2,22.0
557,76052,TX,32.98,-97.39,2,114103,48,439,91.8,84.3,16.6
558,76092,TX,32.96,-97.15,1,113907,48,439,91.9,87.9,10.1
559,76109,TX,32.7,-97.39,1,105403,48,439,95.9,90.1,16.3
560,76112,TX,32.75,-97.23,1,106502,48,439,82.2,60.0,30.1
561,76180,TX,32.84,-97.22,2,113217,48,439,81.8,63.2,30.3
562,76182,TX,32.89,-97.21,1,113210,48,439,91.2,81.6,22.4
563,76244,TX,32.93,-97.28,2,113921,48,439,96.6,88.4,12.0
564,76302,TX,33.87,-98.47,4,011500,48,485,84.8,48.3,48.3
565,76522,TX,31.2,-98.0,1,950100,48,281,83.0,65.8,42.4
566,76935,TX,31.1,-100.4,1,001704,48,451,85.4,73.5,28.6
567,77009,TX,29.79,-95.37,1,210400,48,201,75.5,29.7,47.2
568,77019,TX,29.75,-95.41,2,410401,48,201,95.3,90.3,13.6
569,77024,TX,29.77,-95.5,4,430300,48,201,99.7,93.5,19.1
570,77043,TX,29.81,-95.58,1,543200,48,201,74.1,62.9,19.5
571,77094,TX,29.76,-95.69,1,454501,48,201,99.5,94.6,11.7
572,77339,TX,30.05,-95.22,1,251100,48,201,89.4,75.4,26.6
573,77381,TX,30.18,-95.5,3,691100,48,339,97.3,92.5,11.2
574,77382,TX,30.2,-95.54,1,690602,48,339,93.0,91.6,8.8
575,77449,TX,29.83,-95.73,1,542301,48,201,75.2,60.5,18.7
576,77479,TX,29.56,-95.64,1,674400,48,157,96.0,89.8,8.7
577,77494,TX,29.74,-95.84,1,673101,48,157,95.4,93.1,7.2
578,77578,TX,29.47,-95.37,1,661501,48,039,82.2,59.2,31.9
579,77581,TX,29.56,-95.28,1,660300,48,039,93.4,84.5,17.1
580,77598,TX,29.55,-95.14,1,341000,48,201,83.7,72.1,20.4
581,78009,TX,29.36,-98.89,1,000102,48,325,91.5,77.4,27.7
582,78028,TX,30.1,-99.2,3,960100,48,265,78.6,60.4,40.2
583,78114,TX,29.1,-98.2,1,000202,48,493,83.5,61.0,34.2
584,78201,TX,29.48,-98.53,1,180201,48,029,71.8,40.2,42.7
585,78230,TX,29.54,-98.56,1,181302,48,029,83.3,67.0,24.3
586,78247,TX,29.57,-98.41,1,121112,48,029,83.2,70.0,26.7
587,78251,TX,29.46,-98.67,1,171924,48,029,94.5,87.7,17.2
588,78259,TX,29.63,-98.41,1,121910,48,029,97.5,92.5,13.7
589,78260,TX,29.69,-98.52,1,191804,48,029,94.4,87.5,18.4
590,78628,TX,30.6,-97.8,1,020110,48,491,97.6,87.9,26.9
591,78633,TX,30.7,-97.8,1,020109,48,491,89.8,82.3,20.4
592,78660,TX,30.43,-97.6,1,001858,48,453,96.9,91.6,11.4
593,78702,TX,30.26,-97.71,1,000902,48,453,74.3,51.6,29.4
594,78704,TX,30.24,-97.75,1,002308,48,453,78.9,59.7,23.6
595,78717,TX,30.49,-97.77,1,020510,48,491,91.6,87.0,9.0
596,78727,TX,30.43,-97.72,2,001846,48,453,94.7,89.0,16.6
597,78731,TX,30.35,-97.77,2,001718,48,453,96.1,89.8,16.1
598,78749,TX,30.21,-97.86,1,001738,48,453,93.5,89.1,13.6
599,79119,TN,35.1,-102.0,1,021704,48,381,94.2,86.2,16.5
600,79416,TX,33.61,-101.97,2,010405,48,303,85.8,71.8,26.3
601,79553,TX,32.9,-99.9,9,020400,48,253,84.4,53.5,49.5
602,80002,CO,39.79,-105.1,2,010402,08,059,89.4,62.7,39.1
603,80003,CO,39.83,-105.06,3,010209,08,059,96.4,72.3,36.4
604,80007,CO,39.87,-105.22,2,060500,08,059,98.0,89.6,17.8
605,80010,CO,39.74,-104.86,1,007302,08,005,66.0,22.1,49.1
606,80011,CO,39.73,-104.79,1,007104,08,005,95.3,89.6,13.5
607,80013,CO,39.66,-104.77,3,083400,08,005,92.5,77.1,21.3
608,80015,CO,39.62,-104.78,5,085500,08,005,95.1,88.3,16.3
609,80016,CO,39.6,-104.74,3,085200,08,005,94.8,85.0,18.4
610,80017,CO,39.7,-104.78,1,082600,08,005,89.3,64.1,30.0
611,80020,CO,39.92,-105.08,3,030000,08,014,91.9,66.5,31.1
612,80021,CO,39.9,-105.12,6,060500,08,059,98.0,89.6,17.8
613,80022,CO,39.9,-104.8,1,008538,08,001,96.6,87.9,15.2
614,80026,CO,40.02,-105.1,6,012800,08,013,98.0,87.9,15.9
615,80027,CO,39.98,-105.13,4,013005,08,013,96.7,81.3,27.0
616,80030,CO,39.83,-105.03,5,009604,08,001,87.2,54.8,41.8
617,80031,CO,39.88,-105.04,3,009410,08,001,98.2,82.6,27.8
618,80108,CO,39.45,-104.85,1,014012,08,035,99.2,88.1,20.1
619,80110,CO,39.65,-105.01,1,006000,08,005,88.7,73.3,29.5
620,80111,CO,39.63,-104.87,5,006854,08,005,96.4,82.6,21.7
621,80112,CO,39.56,-104.87,3,014001,08,035,94.2,85.9,14.4
622,80120,CO,39.6,-105.01,3,006502,08,005,85.8,58.7,34.6
623,80121,CO,39.61,-104.96,1,005636,08,005,100.0,95.4,20.7
624,80122,CO,39.58,-104.96,2,005630,08,005,95.6,85.4,23.0
625,80124,CO,39.54,-104.88,2,014116,08,035,90.4,82.7,12.8
626,80127,CO,39.5,-105.1,2,012036,08,059,97.9,90.9,16.0
627,80128,CO,39.57,-105.08,1,012055,08,059,92.8,83.2,22.9
628,80129,CO,39.54,-105.01,3,014128,08,035,96.2,91.9,16.0
629,80202,CO,39.75,-105.0,5,001701,08,031,92.1,77.6,21.0
630,80203,CO,39.73,-104.98,1,002702,08,031,94.7,79.0,21.1
631,80204,CO,39.74,-105.02,1,000800,08,031,96.4,12.2,90.9
632,80206,CO,39.73,-104.95,1,003300,08,031,94.1,85.3,18.8
633,80207,CO,39.76,-104.92,1,004104,08,031,86.9,69.1,26.6
634,80210,CO,39.68,-104.96,5,003003,08,031,92.7,85.7,10.5
635,80211,CO,39.76,-105.02,2,000402,08,031,96.5,81.0,24.3
636,80212,CO,39.77,-105.05,3,000301,08,031,94.2,69.0,31.2
637,80214,CO,39.74,-105.07,1,011550,08,059,72.7,43.7,37.7
638,80216,CO,39.79,-104.95,1,003500,08,031,77.8,34.9,48.7
639,80218,CO,39.73,-104.97,1,003201,08,031,94.2,81.5,21.7
640,80220,CO,39.73,-104.91,1,004304,08,031,92.2,82.5,19.2
641,80221,CO,39.82,-105.01,3,009502,08,001,88.9,53.7,42.9
642,80222,CO,39.67,-104.93,4,015100,08,005,94.7,84.1,24.8
643,80224,CO,39.68,-104.91,1,087200,08,005,91.5,73.2,27.2
644,80226,CO,39.71,-105.09,1,011701,08,059,92.7,75.8,31.6
645,80228,CO,39.69,-105.15,2,011712,08,059,94.6,80.2,27.4
646,80230,CO,39.72,-104.89,1,004405,08,031,96.2,81.4,25.9
647,80231,CO,39.67,-104.89,2,087300,08,005,79.9,56.5,27.2
648,80234,CO,39.91,-105.01,2,009325,08,001,89.2,72.5,27.6
649,80235,CO,39.65,-105.09,1,015900,08,059,93.0,76.7,24.1
650,80238,CO,39.78,-104.88,2,004106,08,031,99.4,92.1,10.7
651,80301,CO,40.05,-105.21,6,012707,08,013,90.7,66.3,35.6
652,80302,CO,40.1,-105.4,2,013701,08,013,95.2,81.3,31.5
653,80303,CO,39.97,-105.22,6,060600,08,013,95.7,81.3,18.5
654,80304,CO,40.05,-105.29,5,012104,08,013,96.5,79.4,29.4
655,80305,CO,39.98,-105.26,3,012509,08,013,99.0,85.5,27.9
656,80401,CO,39.7,-105.2,7,009845,08,059,97.4,90.5,23.7
657,80433,CO,39.5,-105.3,2,012058,08,059,93.0,76.1,27.6
658,80439,CO,39.7,-105.4,6,014700,08,019,91.6,83.4,20.2
659,80443,CO,39.59,-106.09,2,000300,08,117,86.8,71.8,25.1
660,80482,CO,39.92,-105.79,2,000202,08,049,76.2,59.5,25.1
661,80501,CO,40.17,-105.09,1,013401,08,013,79.7,46.5,40.4
662,80503,CO,40.2,-105.2,8,013601,08,013,95.6,85.5,20.9
663,80516,CO,40.07,-105.02,3,002009,08,123,98.9,90.1,25.1
664,80524,CO,40.7,-105.0,2,002502,08,069,94.7,69.8,29.6
665,80525,CO,40.52,-105.02,6,001605,08,069,96.7,89.3,12.5
666,80526,CO,40.56,-105.13,6,001104,08,069,91.4,74.3,26.3
667,80528,CO,40.48,-105.0,6,001608,08,069,93.3,81.0,17.6
668,80530,CO,40.1,-104.92,1,002015,08,123,94.7,86.1,11.8
669,80535,CO,40.7,-105.2,1,002402,08,069,93.9,67.1,43.3
670,80537,CO,40.4,-105.2,1,001808,08,069,92.2,73.3,35.8
671,80538,CO,40.5,-105.2,6,002402,08,069,93.9,67.1,43.3
672,80545,CO,40.8,-105.6,1,002401,08,069,90.5,69.4,49.2
673,80550,CO,40.5,-104.9,1,002203,08,123,94.8,81.9,21.0
674,80631,CO,40.4,-104.7,3,000300,08,123,96.4,92.1,4.8
675,80634,CO,40.4,-104.8,1,001407,08,123,98.6,91.9,12.5
676,80759,CO,40.1,-102.6,1,963200,08,125,86.9,60.9,41.0
677,80817,CO,38.6,-104.7,6,004511,08,041,92.2,73.9,28.1
678,80831,CO,39.0,-104.5,1,003909,08,041,85.8,59.5,37.2
679,80903,CO,38.83,-104.81,1,002200,08,041,82.6,46.3,46.8
680,80906,CO,38.78,-104.85,1,003100,08,041,96.8,80.3,36.6
681,80907,CO,38.88,-104.82,4,000302,08,041,80.3,40.8,48.5
682,80910,CO,38.8,-104.78,2,005300,08,041,84.6,47.3,50.8
683,80917,CO,38.89,-104.75,1,005502,08,041,87.8,60.1,39.6
684,80918,CO,38.91,-104.78,2,004800,08,041,87.6,58.1,46.8
685,80919,CO,38.93,-104.9,1,003701,08,041,91.2,71.4,30.6
686,80921,CO,39.0,-104.9,9,003801,08,041,97.5,93.1,11.8
687,80922,CO,38.89,-104.7,3,005109,08,041,94.7,82.1,26.5
688,80924,CO,38.96,-104.73,1,007101,08,041,96.1,88.8,18.1
689,80925,CO,38.8,-104.6,1,004603,08,041,91.9,78.3,24.7
690,81004,CO,38.1,-104.7,1,002804,08,101,94.2,57.3,54.5
691,81050,CO,38.0,-103.5,1,968300,08,089,92.2,60.1,47.2
692,81122,CO,37.4,-107.6,1,970600,08,067,93.5,76.8,32.4
693,81133,CO,37.3,-105.3,1,972600,08,023,83.3,37.1,60.7
694,81137,CO,37.1,-107.6,1,940300,08,067,86.8,63.4,34.0
695,81147,CO,37.2,-107.0,9,974300,08,007,84.3,51.8,44.6
696,81201,CO,38.6,-106.1,3,000300,08,015,90.2,68.3,43.7
697,81225,CO,38.9,-106.9,1,963800,08,051,86.5,70.3,21.7
698,81301,CO,37.4,-107.8,12,970704,08,067,87.6,67.4,34.1
699,81303,CO,37.2,-107.9,4,940400,08,067,87.6,68.4,32.2
700,81321,CO,37.3,-108.7,8,941100,08,083,59.0,18.0,42.2
701,81328,CO,37.3,-108.3,12,969100,08,083,93.2,57.7,48.9
702,81403,CO,38.4,-107.9,1,966602,08,085,91.3,71.1,37.3
703,81410,CO,38.8,-107.95,1,964700,08,029,89.8,53.1,60.6
704,81432,CO,38.1,-107.7,1,967600,08,091,88.4,65.8,38.9
705,81435,CO,38.0,-108.2,4,968200,08,113,94.5,63.7,43.1
706,81503,CO,39.02,-108.5,4,001900,08,077,90.5,70.7,32.6
707,81506,CO,39.12,-108.54,1,001600,08,077,95.0,82.3,36.3
708,81612,CO,39.1,-106.8,2,000500,08,097,92.5,86.6,9.2
709,81620,CO,39.63,-106.52,1,000503,08,037,73.9,63.8,12.7
710,81623,CO,39.2,-107.2,9,000100,08,097,89.0,76.7,24.6
711,81631,CO,39.66,-106.82,1,000403,08,037,85.0,78.3,13.2
712,82070,WY,41.4,-105.8,1,962700,56,001,89.8,75.0,27.7
713,82501,WY,43.2,-108.6,1,940201,56,013,84.5,69.2,27.8
714,82601,WY,43.1,-106.4,1,001401,56,025,84.4,68.5,26.5
715,83101,WY,41.9,-110.3,1,978200,56,023,90.9,81.6,27.3
716,83204,ID,42.8,-112.5,9,981800,16,005,94.6,86.4,35.3
717,83221,ID,43.3,-112.4,2,950300,16,011,81.3,59.3,33.7
718,83350,ID,42.8,-113.6,1,970300,16,067,81.4,66.4,28.6
719,83440,ID,43.8,-111.7,1,950400,16,065,94.1,80.7,23.9
720,83815,ID,47.73,-116.79,1,000700,16,055,90.0,80.5,21.8
721,83843,ID,46.7,-116.9,2,005300,16,057,92.9,81.7,21.1
722,84010,UT,40.89,-111.82,6,126402,49,011,92.9,83.8,20.8
723,84014,UT,40.95,-111.84,1,126303,49,011,91.0,85.4,18.0
724,84015,UT,41.11,-112.06,1,125501,49,011,93.2,85.3,16.9
725,84027,UT,40.2,-110.8,1,940300,49,013,86.1,70.6,27.8
726,84041,UT,41.05,-112.0,1,126002,49,011,96.2,87.1,14.8
727,84043,UT,40.39,-111.85,1,000103,49,049,94.1,84.3,15.5
728,84047,UT,40.61,-111.89,2,112503,49,035,88.3,67.5,30.6
729,84062,UT,40.39,-111.74,1,010215,49,049,90.5,83.1,13.0
730,84081,UT,40.6,-112.04,1,114300,49,035,90.8,81.8,12.3
731,84088,UT,40.6,-111.96,2,112917,49,035,91.8,77.9,21.8
732,84092,UT,40.6,-111.7,2,110102,49,035,96.1,84.5,23.8
733,84094,UT,40.57,-111.86,1,112604,49,035,87.9,79.3,19.3
734,84098,UT,40.7,-111.5,1,964308,49,043,96.5,82.3,24.6
735,84123,UT,40.66,-111.92,2,113515,49,035,92.9,82.7,20.2
736,84310,UT,41.3,-111.9,1,210100,49,057,97.8,89.6,22.5
737,84333,UT,41.91,-111.79,5,000101,49,005,90.4,75.1,24.1
738,84403,UT,41.19,-111.9,3,210100,49,057,97.8,89.6,22.5
739,84532,UT,38.6,-109.4,2,000300,49,019,84.1,59.6,34.8
740,84535,UT,37.9,-109.5,2,978100,49,037,89.4,68.8,34.0
741,84604,UT,40.3,-111.5,1,010900,49,049,94.4,88.2,21.3
742,84663,UT,40.18,-111.58,1,003002,49,049,92.4,71.7,33.5
743,84741,UT,37.0,-112.0,1,002000,04,005,80.4,55.3,32.6
744,84767,UT,37.18,-113.0,1,270100,49,053,80.4,49.5,44.1
745,84775,UT,38.3,-111.5,1,979100,49,055,79.2,66.1,28.3
746,84790,UT,37.1,-113.7,6,270300,49,053,78.6,59.9,35.3
747,85006,AZ,33.47,-112.05,1,111700,04,013,81.3,48.9,34.6
748,85020,AZ,33.57,-112.05,1,104702,04,013,72.6,34.3,50.0
749,85021,AZ,33.56,-112.1,1,105503,04,013,76.7,41.6,42.2
750,85022,AZ,33.62,-112.05,1,103611,04,013,93.8,78.6,28.3
751,85027,AZ,33.68,-112.1,1,614700,04,013,81.9,43.4,45.9
752,85041,AZ,33.38,-112.12,1,116612,04,013,95.1,77.9,28.6
753,85050,AZ,33.69,-112.0,2,615000,04,013,97.0,89.9,17.9
754,85087,AZ,33.9,-112.0,1,610700,04,013,94.1,76.4,30.0
755,85140,AZ,33.3,-111.5,1,000207,04,021,89.9,71.4,29.4
756,85142,AZ,33.2,-111.6,1,000209,04,021,94.7,79.3,25.6
757,85226,AZ,33.27,-111.99,2,941100,04,013,63.8,0.0,63.8
758,85248,AZ,33.23,-111.9,3,941100,04,013,63.8,0.0,63.8
759,85259,AZ,33.6,-111.81,2,216849,04,013,99.7,90.0,23.5
760,85308,AZ,33.67,-112.19,2,614200,04,013,94.9,82.8,27.8
761,85365,AZ,32.8,-114.5,1,010914,04,027,83.6,50.8,46.6
762,85381,AZ,33.61,-112.23,2,071512,04,013,96.0,85.1,19.4
763,85382,AZ,33.65,-112.25,1,617600,04,013,91.5,70.2,33.9
764,85545,AZ,33.7,-111.0,2,000700,04,007,83.0,50.2,61.3
765,85615,AZ,31.4,-110.2,1,002100,04,003,90.3,77.4,41.5
766,85623,AZ,32.7,-110.9,1,000802,04,021,94.7,73.7,37.2
767,85637,AZ,31.66,-110.67,1,966000,04,023,91.9,64.7,55.5
768,85718,AZ,32.34,-110.91,3,004714,04,019,95.0,78.4,31.1
769,85739,AZ,32.5,-110.8,1,004716,04,019,93.8,67.7,53.0
770,85745,AZ,32.24,-111.07,1,004428,04,019,96.5,80.8,32.1
771,85748,AZ,32.21,-110.73,1,004061,04,019,91.5,74.1,34.1
772,85935,AZ,34.13,-109.91,1,964900,04,017,89.8,74.1,46.2
773,86001,AZ,35.2,-111.8,2,002200,04,005,89.7,75.4,27.4
774,86303,AZ,34.5,-112.4,2,000700,04,025,92.0,67.1,42.6
775,86334,AZ,35.1,-112.8,1,002100,04,025,90.3,44.8,65.7
776,86336,AZ,34.9,-111.9,1,001802,04,025,88.3,66.8,41.4
777,86406,AZ,34.6,-113.8,1,954800,04,015,86.8,56.4,56.1
778,87047,NM,35.2,-106.3,2,003803,35,001,94.5,75.5,36.2
779,87048,NM,35.24,-106.62,17,010602,35,043,96.8,87.1,35.6
780,87059,NM,35.0,-106.4,1,003807,35,001,87.9,57.1,41.5
781,87104,NM,35.1,-106.67,1,002500,35,001,85.0,38.5,55.5
782,87109,NM,35.15,-106.57,1,003724,35,001,95.7,71.6,42.7
783,87114,NM,35.19,-106.68,1,004752,35,001,89.8,73.4,27.2
784,87120,NM,35.1,-106.8,3,940600,35,001,90.2,65.1,32.2
785,87122,NM,35.2,-106.5,1,940500,35,001,91.7,74.7,44.7
786,87301,NM,35.4,-108.6,2,973100,35,031,85.2,38.8,54.7
787,87313,NM,35.7,-107.9,1,943500,35,031,76.6,32.1,53.4
788,87416,NM,36.77,-108.42,2,000504,35,045,79.3,51.0,35.1
789,87420,NM,36.8,-108.7,1,942802,35,045,71.5,30.3,46.1
790,87506,NM,35.8,-106.0,1,940400,35,049,84.4,39.1,54.5
791,87507,NM,35.6,-106.1,1,010304,35,049,86.0,58.0,50.7
792,87508,NM,35.5,-105.9,1,010700,35,049,96.0,78.7,40.6
793,87544,NM,35.9,-106.3,1,000100,35,028,96.3,90.2,21.6
794,88220,NM,32.4,-104.3,1,000401,35,015,85.0,58.8,40.5
795,88401,NM,35.0,-103.8,1,958900,35,037,92.0,65.7,49.2
796,89021,NV,36.61,-114.49,1,005613,32,003,94.6,79.7,22.6
797,89044,NV,35.7,-115.1,17,005703,32,003,82.7,58.6,38.2
798,89123,NV,36.04,-115.15,4,002829,32,003,89.9,71.6,25.6
799,89129,NV,36.23,-115.3,1,003240,32,003,94.6,66.1,41.2
800,89148,NV,36.06,-115.3,1,005840,32,003,92.0,84.5,14.1
801,89149,NV,36.28,-115.29,4,003232,32,003,92.0,81.1,20.5
802,89178,NV,35.9,-115.5,1,005827,32,003,95.6,77.6,21.8
803,89502,NV,39.5,-119.75,1,002103,32,031,91.5,72.7,37.7
804,89509,NV,39.5,-119.83,1,001104,32,031,94.7,84.4,27.3
805,90004,CA,34.08,-118.31,5,192420,06,037,73.0,37.3,38.0
806,90266,CA,33.89,-118.4,1,620303,06,037,97.5,90.5,12.9
807,90275,CA,33.76,-118.36,2,670500,06,037,96.0,82.7,34.1
808,90277,CA,33.83,-118.39,2,621324,06,037,96.1,81.5,21.7
809,90292,CA,33.98,-118.45,1,702901,06,037,91.1,85.7,11.0
810,90303,CA,33.93,-118.33,1,600502,06,037,82.9,60.0,35.3
811,90403,CA,34.03,-118.49,3,701501,06,037,96.2,82.0,23.0
812,90501,CA,33.83,-118.31,1,650901,06,037,88.2,78.8,17.9
813,90504,CA,33.87,-118.33,1,650102,06,037,93.5,81.4,19.1
814,90660,CA,33.99,-118.08,2,500900,06,037,84.6,51.6,37.5
815,90814,CA,33.77,-118.14,1,577603,06,037,93.4,82.2,23.7
816,91001,CA,34.22,-118.13,1,930101,06,037,93.4,86.9,21.3
817,91030,CA,34.11,-118.16,1,480703,06,037,96.4,87.4,15.0
818,91320,CA,34.19,-118.94,1,006100,06,111,85.9,59.8,31.1
819,91326,CA,34.29,-118.56,1,108201,06,037,94.1,84.7,17.8
820,91355,CA,34.42,-118.61,1,920339,06,037,95.7,87.9,11.6
821,91360,CA,34.21,-118.88,1,006600,06,111,94.3,73.8,34.0
822,91361,CA,34.1,-118.9,1,800406,06,037,96.3,82.8,28.1
823,91367,CA,34.17,-118.62,2,137201,06,037,95.9,77.4,29.2
824,91401,CA,34.18,-118.43,2,123602,06,037,91.1,56.6,42.1
825,91423,CA,34.15,-118.43,1,141101,06,037,88.3,79.3,17.8
826,91505,CA,34.18,-118.35,1,311100,06,037,94.8,77.7,29.5
827,91606,CA,34.19,-118.39,4,123901,06,037,79.1,39.4,44.4
828,91709,CA,33.95,-117.73,1,000116,06,071,95.2,83.6,13.3
829,91740,CA,34.12,-117.85,1,401101,06,037,93.4,68.6,35.7
830,91786,CA,34.1,-117.66,2,000824,06,071,88.1,49.3,44.8
831,91790,CA,34.07,-117.94,2,406702,06,037,87.7,60.4,35.1
832,91911,CA,32.6,-117.04,1,013306,06,073,85.0,52.0,40.2
833,92009,CA,33.1,-117.25,1,020014,06,073,90.2,85.0,17.7
834,92056,CA,33.2,-117.29,1,018516,06,073,85.5,65.0,27.9
835,92057,CA,33.25,-117.29,2,018612,06,073,93.0,66.5,38.3
836,92065,CA,33.0,-116.8,1,020811,06,073,95.8,85.4,23.2
837,92071,CA,32.86,-116.99,1,016612,06,073,95.8,84.9,23.9
838,92078,CA,33.12,-117.18,1,020027,06,073,99.0,87.6,21.6
839,92081,CA,33.16,-117.25,3,019806,06,073,97.1,83.5,21.7
840,92084,CA,33.22,-117.21,1,019207,06,073,84.0,55.3,39.2
842,92104,CA,32.74,-117.13,2,004300,06,073,93.7,75.4,25.3
843,92107,CA,32.74,-117.24,2,007400,06,073,88.9,76.6,22.6
844,92108,CA,32.77,-117.15,2,009304,06,073,91.5,81.2,17.1
845,92109,CA,32.8,-117.24,1,007903,06,073,85.4,79.5,15.0
846,92122,CA,32.86,-117.2,1,008344,06,073,91.4,81.5,27.2
847,92126,CA,32.91,-117.14,1,008358,06,073,90.8,68.8,36.4
848,92127,CA,33.02,-117.14,1,017030,06,073,98.2,87.7,17.6
849,92130,CA,32.95,-117.2,2,021500,06,073,99.5,91.8,12.7
850,92131,CA,32.89,-117.05,1,009504,06,073,95.0,89.1,11.7
851,92262,CA,33.86,-116.58,2,044606,06,065,86.0,51.3,48.2
852,92264,CA,33.7,-116.5,1,044807,06,065,91.3,59.8,44.0
853,92307,CA,34.6,-117.1,3,012104,06,071,89.4,50.7,49.0
854,92373,CA,34.0,-117.1,1,043823,06,065,94.2,82.4,18.5
855,92503,CA,33.9,-117.45,1,031702,06,065,85.4,65.4,29.8
856,92507,CA,33.97,-117.33,1,042206,06,065,88.0,65.9,29.4
857,92592,CA,33.5,-117.0,1,043239,06,065,85.7,64.3,28.9
858,92618,CA,33.67,-117.74,1,052404,06,059,98.8,92.2,6.9
859,92626,CA,33.68,-117.9,1,063903,06,059,86.5,63.0,31.7
860,92629,CA,33.48,-117.71,1,042338,06,059,98.2,81.6,27.1
861,92656,CA,33.56,-117.73,6,062639,06,059,95.8,90.7,11.1
863,92677,CA,33.53,-117.71,4,042319,06,059,96.5,84.5,25.5
864,92679,CA,33.6,-117.5,1,032041,06,059,90.6,77.1,20.8
865,92691,CA,33.61,-117.67,5,032002,06,059,96.6,79.1,25.2
866,92692,CA,33.6,-117.65,1,032020,06,059,95.4,82.2,22.4
867,92705,CA,33.74,-117.81,1,075506,06,059,91.5,72.4,26.8
868,92821,CA,33.93,-117.89,1,001506,06,059,96.1,75.2,31.4
869,92860,CA,33.93,-117.55,1,040812,06,065,90.2,68.8,28.5
870,92870,CA,33.88,-117.85,1,011715,06,059,98.6,83.5,30.0
871,93012,CA,34.2,-119.0,2,005600,06,111,93.7,76.1,30.9
872,93103,CA,34.43,-119.68,1,000801,06,083,89.3,69.4,26.8
873,93309,CA,35.35,-119.06,1,002812,06,029,83.7,41.1,48.7
874,93401,CA,35.2,-120.6,1,012302,06,079,96.3,79.0,33.4
875,93422,CA,35.5,-120.7,1,012704,06,079,95.5,82.3,30.1
876,93436,CA,34.6,-120.4,1,003102,06,083,91.3,67.3,36.9
877,93453,CA,35.3,-120.1,2,012702,06,079,96.7,82.9,28.0
878,93455,CA,34.8,-120.4,2,002006,06,083,90.3,68.9,35.4
879,93514,CA,37.5,-118.3,1,000101,06,051,97.4,80.3,35.1
880,93536,CA,34.7,-118.5,1,920102,06,037,90.8,62.2,31.6
881,93555,CA,35.6,-117.7,1,005403,06,029,90.5,68.2,37.1
882,93619,CA,36.9,-119.6,1,006405,06,019,91.7,70.2,35.4
883,93638,CA,37.0,-120.0,1,000507,06,039,85.6,49.7,48.9
884,93933,CA,36.68,-121.79,1,014202,06,053,90.1,58.7,41.2
885,94025,CA,37.46,-122.18,1,612500,06,081,98.9,90.9,17.7
886,94030,CA,37.61,-122.4,1,604400,06,081,93.8,77.9,23.3
887,94040,CA,37.38,-122.09,1,509801,06,085,94.0,86.4,15.3
888,94061,CA,37.46,-122.24,1,611100,06,081,99.2,92.2,17.7
889,94065,CA,37.53,-122.23,4,610302,06,081,87.7,61.7,31.4
890,94085,CA,37.39,-122.02,2,509000,06,085,89.9,66.3,32.7
891,94089,CA,37.4,-122.0,1,504805,06,085,96.1,81.0,25.8
892,94107,CA,37.77,-122.39,1,060700,06,075,97.0,78.6,21.8
893,94110,CA,37.75,-122.42,3,020900,06,075,88.8,57.6,36.1
894,94114,CA,37.76,-122.44,1,020401,06,075,96.1,88.4,16.4
895,94115,CA,37.79,-122.44,1,013400,06,075,100.0,96.4,14.7
896,94117,CA,37.77,-122.44,4,016700,06,075,96.2,87.7,13.7
897,94118,CA,37.78,-122.46,2,045100,06,075,93.4,77.2,23.9
898,94131,CA,37.75,-122.44,2,021300,06,075,96.5,88.0,14.4
899,94158,CA,37.77,-122.391,4,060700,06,075,97.0,78.6,21.8
900,94304,CA,37.42,-122.16,2,511500,06,085,97.9,93.5,17.7
901,94526,CA,37.81,-121.99,1,345105,06,013,98.8,90.6,21.9
902,94541,CA,37.67,-122.11,2,436200,06,001,83.1,48.3,40.8
903,94549,CA,37.9,-122.12,2,348000,06,013,98.5,87.0,27.8
904,94558,CA,38.5,-122.3,2,201700,06,055,93.9,76.9,29.8
905,94559,CA,38.2,-122.3,1,201005,06,055,93.5,70.5,32.7
906,94566,CA,37.65,-121.86,1,450701,06,001,98.6,92.9,15.5
907,94580,CA,37.68,-122.14,1,435900,06,001,94.7,74.6,31.2
908,94582,CA,37.76,-121.92,1,345112,06,013,96.8,90.7,14.5
909,94587,CA,37.6,-122.0,1,440100,06,001,96.7,80.8,36.6
910,94588,CA,37.7,-121.9,1,450743,06,001,97.1,89.8,10.0
911,94590,CA,38.1,-122.25,1,251000,06,095,80.8,44.0,42.6
912,94598,CA,37.91,-122.05,1,338204,06,013,91.7,83.2,24.0
913,94610,CA,37.81,-122.24,2,405100,06,001,99.7,91.9,23.2
914,94618,CA,37.85,-122.24,3,404300,06,001,100.0,91.6,21.3
915,94703,CA,37.87,-122.27,1,422900,06,001,94.6,77.9,22.5
916,94704,CA,37.87,-122.25,1,422600,06,001,96.0,90.2,8.9
917,94939,CA,37.94,-122.53,1,120000,06,041,96.1,84.7,26.6
918,94941,CA,37.9,-122.57,1,131100,06,041,94.5,83.1,27.5
919,95014,CA,37.3,-122.07,4,507702,06,085,97.9,89.2,17.8
920,95032,CA,37.21,-121.92,1,507002,06,085,98.4,88.7,20.1
921,95060,CA,37.0,-122.1,1,120200,06,087,92.7,73.2,32.0
922,95062,CA,36.97,-121.99,1,121403,06,087,92.0,61.8,42.8
923,95066,CA,37.07,-122.01,1,120900,06,087,95.5,82.7,23.5
924,95073,CA,37.03,-121.93,1,122001,06,087,95.2,74.5,32.9
925,95125,CA,37.31,-121.9,3,501800,06,085,86.9,70.9,24.9
926,95129,CA,37.31,-122.0,1,508004,06,085,95.0,82.7,18.1
927,95138,CA,37.25,-121.74,1,512001,06,085,96.2,87.0,15.3
928,95301,CA,37.32,-120.63,1,000702,06,047,95.4,78.9,26.6
929,95340,CA,37.4,-120.4,9,001901,06,047,84.8,29.6,61.6
930,95348,CA,37.4,-120.5,3,002500,06,047,89.1,61.7,45.2
931,95355,CA,37.67,-120.94,1,000911,06,099,91.0,55.3,42.5
932,95366,CA,37.76,-121.12,1,005003,06,077,96.4,81.6,26.5
933,95377,CA,37.7,-121.6,1,451101,06,001,97.9,86.1,20.0
934,95403,CA,38.51,-122.76,4,152701,06,097,96.6,71.9,36.8
935,95448,CA,38.7,-122.9,3,154100,06,097,88.3,64.5,39.8
936,95472,CA,38.4,-122.9,1,153600,06,097,87.5,64.3,37.2
937,95521,CA,40.8,-124.1,1,000800,06,023,88.6,64.5,38.1
938,95618,CA,38.6,-121.7,1,010505,06,113,96.8,84.7,22.2
939,95628,CA,38.66,-121.26,1,008008,06,067,95.9,78.8,29.9
940,95630,CA,38.67,-121.15,1,008506,06,067,92.4,79.1,26.4
941,95661,CA,38.74,-121.26,1,020712,06,061,86.7,68.5,38.9
942,95662,CA,38.68,-121.23,3,008203,06,067,92.7,72.8,36.2
943,95695,CA,38.8,-121.9,1,011400,06,113,89.5,56.5,45.0
944,95816,CA,38.58,-121.47,1,000400,06,067,91.7,76.5,23.7
945,95818,CA,38.56,-121.49,1,002300,06,067,97.9,91.9,20.7
946,95819,CA,38.57,-121.44,1,000200,06,067,98.5,92.0,22.0
947,95820,CA,38.54,-121.45,4,002900,06,067,88.8,74.6,24.0
948,95864,CA,38.59,-121.38,1,005702,06,067,97.2,89.7,26.2
949,96790,HI,20.7,-156.2,2,030301,15,009,93.4,70.8,36.6
950,96816,HI,21.3,-157.79,1,001000,15,003,98.2,83.1,34.9
951,96817,HI,21.34,-157.84,3,004600,15,003,98.1,88.4,32.2
952,96821,HI,21.3,-157.75,3,000301,15,003,99.2,91.6,28.1
953,97006,OR,45.52,-122.86,1,031610,41,067,84.8,67.7,26.0
954,97007,OR,45.45,-122.88,4,031804,41,067,89.6,68.5,28.5
955,97009,OR,45.42,-122.34,1,023401,41,005,93.7,74.5,33.4
956,97030,OR,45.51,-122.43,1,010405,41,051,84.1,57.5,39.2
957,97035,OR,45.41,-122.72,1,020200,41,005,96.0,84.5,26.1
958,97068,OR,45.34,-122.66,1,022702,41,005,96.8,86.1,23.3
959,97140,OR,45.3,-122.9,1,030101,41,071,95.2,77.4,29.0
960,97209,OR,45.53,-122.68,6,005100,41,051,95.0,65.3,45.3
961,97210,OR,45.55,-122.73,2,004300,41,051,91.9,78.1,25.1
962,97212,OR,45.54,-122.64,2,002501,41,051,98.7,92.4,18.1
963,97215,OR,45.51,-122.6,1,001601,41,051,92.2,74.0,31.4
964,97218,OR,45.58,-122.59,1,007300,41,051,78.6,33.9,50.9
965,97221,OR,45.5,-122.73,1,006900,41,051,97.8,92.8,19.9
966,97223,OR,45.45,-122.8,1,031006,41,067,91.7,70.8,31.9
967,97227,OR,45.54,-122.68,1,002303,41,051,91.5,69.0,36.8
968,97231,OR,45.7,-122.8,1,007100,41,051,94.6,81.6,33.6
969,97504,OR,42.3,-122.8,1,000602,41,029,95.3,60.5,66.4
970,97520,OR,42.2,-122.5,1,002500,41,029,90.5,67.5,40.9
971,97753,OR,44.2,-121.0,1,950300,41,013,93.0,56.7,54.8
972,98004,WA,47.62,-122.21,1,024000,53,033,97.4,90.1,20.1
973,98006,WA,47.56,-122.15,1,024901,53,033,95.1,85.2,22.7
974,98014,WA,47.6,-121.9,1,032601,53,033,95.6,90.3,25.1
975,98020,WA,47.81,-122.37,1,050500,53,061,96.5,80.3,44.1
976,98021,WA,47.8,-122.2,1,051925,53,061,98.2,90.8,13.5
977,98029,WA,47.56,-122.02,1,032212,53,033,97.3,93.2,9.1
978,98034,WA,47.72,-122.21,1,022202,53,033,92.8,81.1,21.6
979,98040,WA,47.56,-122.23,4,024601,53,033,99.9,94.0,20.9
980,98058,WA,47.44,-122.12,2,031907,53,033,96.9,81.1,24.5
981,98059,WA,47.5,-122.11,1,031903,53,033,97.4,83.6,25.4
982,98102,WA,47.64,-122.33,3,006100,53,033,96.0,92.8,13.7
983,98103,WA,47.67,-122.34,1,004600,53,033,93.8,87.4,13.9
984,98105,WA,47.66,-122.3,1,005302,53,033,93.5,89.8,4.5
985,98109,WA,47.63,-122.34,1,006700,53,033,92.2,88.6,9.8
986,98110,WA,47.6,-122.5,2,091000,53,035,99.4,93.4,20.3
987,98112,WA,47.62,-122.3,2,007700,53,033,92.9,86.8,11.8
988,98115,WA,47.68,-122.29,3,003900,53,033,97.4,89.2,20.2
989,98118,WA,47.55,-122.26,2,010200,53,033,97.8,85.8,23.3
990,98121,WA,47.61,-122.35,1,008001,53,033,96.2,83.3,16.4
991,98122,WA,47.61,-122.3,2,008800,53,033,92.8,81.3,17.4
992,98133,WA,47.74,-122.34,1,021000,53,033,93.9,78.4,30.7
993,98275,WA,47.91,-122.3,1,042001,53,061,96.3,85.3,26.6
994,98366,WA,47.5,-122.6,1,092801,53,035,92.9,78.1,34.2
995,98370,WA,47.8,-122.6,1,090202,53,035,93.6,81.8,25.2
996,98383,WA,47.68,-122.71,1,090300,53,035,99.8,99.3,4.2
997,98405,WA,47.25,-122.47,1,061200,53,053,90.4,65.9,32.6
998,98466,WA,47.22,-122.54,2,072307,53,053,95.2,76.9,32.9
999,98503,WA,47.03,-122.8,2,011410,53,067,94.3,76.9,33.2
1000,98592,WA,47.32,-123.06,1,960500,53,045,94.9,70.5,50.1
1001,98607,WA,45.7,-122.4,1,040603,53,011,91.5,80.3,27.4
1002,98685,WA,45.72,-122.69,1,040909,53,011,98.0,87.3,28.3
1003,98802,WA,47.5,-120.2,3,950200,53,017,92.6,59.2,48.3
1004,98815,WA,47.5,-120.5,1,960500,53,007,89.9,66.2,39.9
1005,98826,WA,47.7,-120.8,1,960200,53,007,86.8,70.6,41.9
1006,98921,WA,46.4,-120.2,1,002200,53,077,89.3,59.4,40.6
1007,99201,WA,47.66,-117.44,1,002300,53,063,90.8,49.7,51.5
1008,99203,WA,47.63,-117.41,1,004200,53,063,97.8,81.2,29.4
1010,99362,WA,46.1,-118.3,2,920200,53,071,91.0,71.1,41.2
1011,99801,AK,58.0,-134.0,4,000300,02,105,74.7,45.7,40.1
