,ZIP,State,Lat,Lng,Size,Tract,State_code,County,Percent Estimate!!COMMUTING TO WORK!!Workers 16 years and over!!Car truck or van drove alone,Percent Estimate!!COMMUTING TO WORK!!Workers 16 years and over!!Car truck or van carpooled,Percent Estimate!!COMMUTING TO WORK!!Workers 16 years and over!!Public transportation (excluding taxicab),Percent Estimate!!COMMUTING TO WORK!!Workers 16 years and over!!Walked,Percent Estimate!!COMMUTING TO WORK!!Workers 16 years and over!!Other means,Percent Estimate!!COMMUTING TO WORK!!Workers 16 years and over!!Worked at home
0,1007,MA,42.3,-72.4,1,820204,25,015,78.8,14.6,0.9,0.7,1.2,3.9
1,1060,MA,42.33,-72.63,1,821904,25,015,69.8,2.9,1.4,9.4,7.9,8.5
2,1089,MA,42.12,-72.64,1,812404,25,013,85.2,11.4,0.0,0.4,0.0,3.0
3,1096,MA,42.4,-72.8,2,822606,25,015,79.9,6.2,0.4,2.4,1.9,9.2
4,1453,MA,42.52,-71.77,1,709100,25,027,84.0,7.4,1.5,0.0,1.4,5.7
5,1460,MA,42.54,-71.49,1,324101,25,017,83.0,4.2,4.1,2.0,0.0,6.7
6,1532,MA,42.32,-71.63,1,740102,25,027,81.3,3.8,3.2,1.4,0.4,10.0
7,1540,MA,42.12,-71.85,1,753100,25,027,91.6,3.9,0.8,0.7,1.8,1.2
8,1720,MA,42.49,-71.44,1,363103,25,017,84.4,1.4,3.0,3.1,1.0,7.1
9,1754,MA,42.43,-71.45,1,364102,25,017,84.6,5.6,5.9,2.9,0.0,1.0
10,1770,MA,42.23,-71.37,1,386100,25,017,75.2,3.9,9.4,1.9,0.5,9.0
11,1776,MA,42.39,-71.42,1,365100,25,017,87.4,1.7,3.1,1.1,0.0,6.7
12,1833,MA,42.72,-70.98,3,265102,25,009,85.8,7.8,0.7,0.5,0.5,4.8
13,1876,MA,42.61,-71.23,1,315200,25,017,86.2,5.8,3.2,0.3,0.0,4.5
14,1886,MA,42.59,-71.44,1,318300,25,017,89.2,2.7,0.7,0.4,0.9,6.1
15,1890,MA,42.45,-71.15,1,338300,25,017,68.5,13.2,10.1,1.6,1.4,5.2
16,1906,MA,42.47,-71.01,4,208300,25,009,85.3,6.6,5.0,0.5,0.0,2.6
17,1960,MA,42.53,-70.97,2,210300,25,009,85.1,6.0,6.6,1.4,0.4,0.5
18,2048,MA,42.02,-71.22,1,610100,25,005,77.9,6.1,9.3,2.9,1.7,2.1
19,2131,MA,42.28,-71.12,1,110403,25,025,56.9,10.5,25.9,0.0,3.0,3.7
20,2138,MA,42.38,-71.13,1,354200,25,017,41.2,6.1,20.3,10.9,7.8,13.6
21,2145,MA,42.39,-71.09,1,350200,25,017,49.8,13.4,21.7,3.4,7.1,4.5
22,2176,MA,42.46,-71.06,1,336200,25,017,69.1,2.6,18.9,1.4,0.7,7.2
23,2210,MA,42.35,-71.04,1,060600,25,025,34.7,2.8,25.1,28.2,6.3,2.9
24,2421,MA,42.44,-71.23,3,358400,25,017,73.2,4.5,9.3,2.0,2.5,8.5
25,2445,MA,42.32,-71.13,4,401100,25,021,54.7,4.0,13.1,13.8,4.0,10.4
26,2459,MA,42.31,-71.19,1,373900,25,017,74.5,2.2,8.7,1.1,0.0,13.5
27,2467,MA,42.32,-71.16,1,401200,25,021,65.1,9.3,13.5,5.0,2.0,5.1
28,2492,MA,42.28,-71.25,1,403400,25,021,69.8,3.8,9.5,6.6,1.0,9.4
29,2540,MA,41.57,-70.63,1,014900,25,001,69.8,5.1,3.5,6.1,6.0,9.4
30,2563,MA,41.72,-70.48,1,013600,25,001,90.3,2.8,0.7,0.4,0.9,4.8
31,2717,MA,41.75,-70.97,1,617102,25,005,91.1,4.4,0.5,0.0,2.1,2.0
32,2813,RI,41.4,-71.66,2,051101,44,009,84.6,7.2,1.5,1.4,1.2,4.1
33,2838,RI,41.97,-71.47,3,011500,44,007,89.0,5.3,1.4,1.2,0.1,3.0
34,2906,RI,41.84,-71.39,1,003400,44,007,69.9,4.5,4.2,10.4,3.7,7.4
35,3033,NH,42.75,-71.67,1,018000,33,011,82.5,4.4,0.3,0.3,2.1,10.5
36,3256,NH,43.6,-71.6,1,965300,33,001,86.8,7.1,0.0,0.6,0.7,4.8
37,3819,NH,42.93,-71.12,1,053000,33,015,85.8,9.1,0.0,1.8,0.0,3.2
38,4949,ME,44.37,-69.33,2,045000,23,027,78.7,11.1,0.6,2.2,0.9,6.4
39,5048,VT,43.57,-72.42,4,965700,50,027,82.2,13.7,0.0,1.0,0.0,3.1
40,5444,VT,44.6,-72.9,1,002900,50,007,79.8,8.4,0.3,0.9,1.3,9.2
41,6351,CT,41.58,-71.96,2,709100,09,011,85.8,9.3,0.0,0.0,1.6,3.3
42,6410,CT,41.51,-72.91,1,343102,09,009,79.3,4.8,0.0,5.7,0.7,9.4
43,6441,CT,41.46,-72.57,1,590100,09,007,86.1,6.5,1.3,0.2,0.7,5.0
44,6457,CT,41.5,-72.7,2,580100,09,007,90.2,1.8,0.3,0.4,3.0,4.3
45,6488,CT,41.49,-73.23,4,348125,09,009,81.9,13.3,0.0,0.7,2.1,1.9
46,6611,CT,41.26,-73.21,4,090700,09,001,82.1,4.0,4.5,0.4,1.9,7.2
47,6810,CT,41.38,-73.47,2,210600,09,001,70.9,20.0,2.0,0.0,5.0,2.0
48,6854,CT,41.08,-73.42,1,044400,09,001,53.9,8.8,24.5,5.0,1.9,5.8
49,6878,CT,41.03,-73.58,1,011100,09,001,41.4,2.6,38.6,0.6,0.9,15.8
50,7040,NJ,40.73,-74.27,2,019500,34,013,42.8,1.9,37.6,2.1,2.1,13.4
51,7047,NJ,40.79,-74.02,1,015500,34,017,25.7,9.6,48.8,12.9,2.3,0.7
52,7059,NJ,40.63,-74.51,1,052204,34,035,80.8,7.8,2.3,0.4,0.4,8.3
53,7076,NJ,40.64,-74.37,1,038601,34,039,74.6,4.9,8.6,1.5,0.0,10.4
54,7079,NJ,40.75,-74.26,2,019300,34,013,52.5,6.9,29.3,7.1,0.4,3.8
55,7110,NJ,40.82,-74.16,2,013800,34,013,75.5,7.9,11.8,0.4,0.0,4.4
56,7666,NJ,40.89,-74.01,1,054500,34,003,60.1,6.8,19.8,2.9,0.6,9.7
57,7747,NJ,40.41,-74.23,1,803000,34,025,70.4,6.9,14.9,1.5,1.2,5.1
58,7750,NJ,40.33,-73.99,1,804100,34,025,74.1,3.5,11.2,1.0,2.6,7.6
59,7821,NJ,41.0,-74.7,3,374400,34,037,82.6,8.3,1.0,0.0,0.5,7.7
60,7920,NJ,40.68,-74.54,1,052603,34,035,82.1,4.0,5.8,0.5,0.8,6.8
61,8012,NJ,39.78,-75.05,1,608210,34,007,81.2,7.2,6.8,2.9,0.0,1.8
62,8081,NJ,39.74,-74.97,2,609203,34,007,84.4,11.1,2.4,0.0,0.4,1.6
63,8205,NJ,39.49,-74.47,1,010501,34,001,85.6,4.7,0.8,0.5,2.5,5.9
64,8505,NJ,40.1,-74.7,1,701401,34,005,84.4,6.5,4.7,2.6,0.5,1.4
65,8510,NJ,40.18,-74.42,1,812501,34,025,78.5,5.3,8.3,0.4,1.3,6.1
66,8540,NJ,40.4,-74.7,2,054201,34,035,71.1,4.6,13.6,1.1,0.5,9.2
67,8742,NJ,40.08,-74.06,2,711100,34,029,77.9,6.7,4.4,2.3,2.2,6.5
68,8807,NJ,40.59,-74.62,1,050703,34,035,83.1,6.7,4.0,0.4,0.7,5.0
69,8817,NJ,40.52,-74.4,1,001502,34,023,76.6,6.9,11.2,1.0,1.1,3.2
70,8820,NJ,40.58,-74.37,1,001413,34,023,67.7,8.0,15.3,0.6,0.4,7.9
71,8822,NJ,40.5,-74.9,2,011302,34,019,79.5,7.4,5.1,1.0,1.0,6.0
72,8846,NJ,40.57,-74.5,1,000200,34,023,73.9,12.0,5.9,4.5,1.5,2.2
73,8904,NJ,40.5,-74.43,3,001100,34,023,66.0,8.0,7.7,9.1,2.8,6.5
74,10013,NY,40.72,-74.01,1,003900,36,061,4.5,0.7,50.6,19.6,12.0,12.5
75,10306,NY,40.57,-74.13,1,013800,36,085,62.5,2.8,29.5,1.7,1.1,2.5
76,10314,NY,40.6,-74.15,1,027301,36,085,54.2,10.4,33.6,0.5,0.0,1.3
77,10467,NY,40.88,-73.87,1,043500,36,005,0.0,8.6,91.4,0.0,0.0,0.0
78,10522,NY,41.01,-73.87,2,010500,36,119,50.4,13.5,26.3,3.8,0.9,5.1
79,10543,NY,40.95,-73.73,1,007402,36,119,59.8,7.9,22.5,1.7,0.9,7.1
80,10583,NY,40.99,-73.79,1,009900,36,119,44.4,8.5,36.3,0.9,0.6,9.3
81,10950,NY,41.3,-74.2,1,014202,36,071,73.7,4.9,13.6,1.9,0.3,5.7
82,10952,NY,41.12,-74.09,1,011602,36,087,73.1,4.2,7.9,2.8,0.0,11.9
83,11021,NY,40.79,-73.73,1,300700,36,059,39.6,2.4,37.4,9.2,3.8,7.6
84,11109,NY,40.744,-73.956,2,000700,36,081,11.3,2.2,76.9,5.4,1.1,3.0
85,11201,NY,40.7,-73.99,1,001300,36,047,11.1,0.0,56.9,23.3,3.7,5.0
86,11215,NY,40.67,-73.98,2,015500,36,047,9.0,0.9,59.7,11.5,9.4,9.5
87,11217,NY,40.68,-73.98,1,012901,36,047,2.5,0.0,73.2,9.3,3.7,11.3
88,11231,NY,40.68,-74.0,2,006500,36,047,7.5,2.4,65.8,10.9,8.9,4.5
89,11233,NY,40.68,-73.92,4,037900,36,047,19.1,3.3,68.6,5.1,0.0,3.9
90,11237,NY,40.7,-73.92,1,043100,36,047,7.9,1.5,77.1,5.2,7.2,1.1
91,11238,NY,40.68,-73.96,2,030500,36,047,5.0,0.0,77.6,6.0,7.2,4.2
92,11520,NY,40.64,-73.58,1,414502,36,059,82.5,1.3,10.8,0.7,2.6,2.0
93,11971,NY,41.06,-72.43,1,170201,36,103,74.2,5.3,7.0,3.8,5.0,4.7
94,12159,NY,42.65,-73.88,1,014501,36,001,87.6,5.0,0.2,0.0,0.0,7.2
95,12304,NY,42.78,-73.9,1,021800,36,093,83.9,7.7,4.1,1.0,1.2,2.1
96,13066,NY,43.04,-76.0,1,015000,36,067,86.9,5.2,0.0,1.9,0.0,5.9
97,13210,NY,43.03,-76.13,1,005500,36,067,63.6,9.8,14.0,6.9,0.9,4.7
98,13224,NY,43.03,-76.1,1,014700,36,067,75.5,12.1,2.2,1.9,4.7,3.5
99,13357,NY,42.97,-75.08,1,010100,36,043,78.2,9.0,0.5,5.1,0.7,6.5
100,13827,NY,42.1,-76.3,1,020600,36,107,86.4,7.4,1.3,0.5,1.7,2.7
101,13905,NY,42.2,-76.0,1,010200,36,007,84.0,8.8,0.0,1.9,0.0,5.3
102,14062,NY,42.4,-79.2,1,036100,36,013,85.4,8.3,0.2,2.4,1.2,2.5
103,14072,NY,43.01,-78.96,1,007304,36,029,94.4,2.2,0.0,0.0,0.0,3.4
104,14202,NY,42.89,-78.89,1,007202,36,029,60.2,13.0,12.0,9.1,1.7,4.0
105,14226,NY,42.98,-78.79,1,009200,36,029,83.0,4.7,0.8,6.5,0.0,4.9
106,14428,NY,43.1,-77.9,1,015000,36,055,91.1,6.2,0.0,0.9,0.1,1.7
107,14450,NY,43.1,-77.43,1,011703,36,055,88.6,4.6,0.1,0.0,0.1,6.7
108,14580,NY,43.22,-77.45,1,011205,36,055,93.0,3.7,0.0,0.0,1.2,2.2
109,14620,NY,43.13,-77.61,1,003805,36,055,40.5,3.6,5.8,40.9,5.4,3.8
110,14625,NY,43.15,-77.51,1,011604,36,055,87.3,9.0,0.4,0.0,0.0,3.3
111,14850,NY,42.4,-76.5,5,001100,36,109,65.7,6.2,2.3,17.6,2.3,5.9
112,14882,NY,42.6,-76.6,1,002300,36,109,85.5,6.2,0.6,2.1,0.0,5.6
113,15010,PA,40.8,-80.4,4,605300,42,007,87.1,4.8,0.5,1.7,2.6,3.4
114,15061,PA,40.66,-80.34,1,605500,42,007,91.0,2.2,0.8,1.9,0.5,3.7
115,15090,PA,40.63,-80.08,1,410000,42,003,86.5,3.8,2.2,1.1,0.7,5.7
116,15102,PA,40.32,-80.04,1,475301,42,003,78.0,6.0,8.8,2.6,0.0,4.5
117,15108,PA,40.5,-80.19,1,451300,42,003,88.8,4.3,2.0,0.7,0.0,4.1
118,15137,PA,40.38,-79.81,2,564400,42,003,81.9,9.3,3.9,0.7,0.5,3.7
119,15202,PA,40.5,-80.08,1,461000,42,003,81.2,10.9,1.6,3.6,1.1,1.5
120,15217,PA,40.43,-79.92,3,140800,42,003,53.3,9.0,18.1,10.0,3.3,6.3
121,15220,PA,40.44,-80.04,1,562600,42,003,76.6,6.5,7.9,2.8,0.6,5.6
122,15222,PA,40.45,-79.99,1,020300,42,003,61.1,5.3,9.0,10.8,1.8,12.0
123,15228,PA,40.37,-80.05,1,473500,42,003,72.2,12.8,9.4,2.0,1.0,2.6
124,15234,PA,40.37,-80.02,1,476100,42,003,74.8,4.2,14.9,0.6,1.2,4.3
125,15237,PA,40.55,-80.05,1,429300,42,003,75.1,13.0,1.4,0.7,1.8,8.0
126,15701,PA,40.6,-79.1,1,960800,42,063,83.3,6.8,1.3,5.8,1.5,1.3
127,15825,PA,41.2,-79.0,4,950300,42,065,88.6,5.7,0.1,2.6,0.7,2.2
128,16002,PA,40.8,-79.9,2,911600,42,019,91.7,4.9,0.4,0.0,0.5,2.6
129,16229,PA,40.72,-79.65,2,951200,42,005,90.0,4.1,0.2,0.6,0.5,4.5
130,16602,PA,40.51,-78.37,1,010600,42,013,83.3,11.5,0.0,1.3,1.0,2.9
131,16827,PA,40.77,-77.79,1,011800,42,027,76.4,9.9,2.2,1.3,0.0,10.2
132,16870,PA,40.8,-78.1,1,010500,42,027,83.7,9.3,0.0,1.2,2.2,3.6
133,17036,PA,40.29,-76.7,1,024503,42,043,79.1,4.9,0.5,3.0,0.0,12.5
134,17112,PA,40.4,-76.8,1,024600,42,043,90.2,5.6,0.3,0.0,0.3,3.6
135,17325,PA,39.8,-77.2,1,031201,42,001,82.4,12.1,0.0,0.0,0.7,4.8
136,17728,PA,41.4,-77.1,1,010400,42,081,86.3,7.3,0.2,1.3,2.0,2.9
137,17754,PA,41.29,-76.88,1,010500,42,081,87.7,7.7,0.1,0.4,0.8,3.3
138,17870,PA,40.82,-76.88,1,070200,42,109,82.9,9.1,0.3,1.1,1.0,5.6
139,18036,PA,40.5,-75.4,2,006905,42,077,89.6,7.1,0.3,0.0,1.0,2.0
140,18042,PA,40.65,-75.22,1,018100,42,095,86.2,6.2,0.5,0.5,1.4,5.1
141,18103,PA,40.57,-75.48,1,001402,42,077,80.6,13.3,2.8,0.0,0.4,2.9
142,18902,PA,40.36,-75.11,1,104203,42,017,76.9,8.2,0.6,1.5,0.4,12.4
143,18914,PA,40.29,-75.21,1,101900,42,017,87.0,5.0,3.8,1.2,0.8,2.3
144,18947,PA,40.43,-75.12,1,104201,42,017,85.6,1.7,1.4,0.4,1.2,9.8
145,18974,PA,40.21,-75.07,1,106200,42,017,78.7,8.4,4.3,1.6,0.7,6.3
146,19010,PA,40.02,-75.33,1,409601,42,045,61.6,10.0,17.1,1.0,0.5,9.8
147,19067,PA,40.2,-74.81,2,105801,42,017,82.3,5.4,6.6,0.8,1.4,3.4
148,19075,PA,40.12,-75.19,1,210100,42,091,77.3,6.0,8.3,3.0,0.9,4.4
149,19116,PA,40.12,-75.01,2,035900,42,101,83.6,8.0,4.3,2.4,0.4,1.4
150,19143,PA,39.94,-75.22,1,007400,42,101,42.8,4.8,39.6,8.2,1.0,3.6
151,19446,PA,40.23,-75.29,1,201004,42,091,82.9,3.4,5.5,0.6,1.1,6.6
152,19802,DE,39.74,-75.52,1,980100,10,003,-666666666.0,-666666666.0,-666666666.0,-666666666.0,-666666666.0,-666666666.0
153,19803,DE,39.8,-75.53,1,011400,10,003,76.9,3.5,7.2,0.5,0.0,11.9
154,19805,DE,39.75,-75.59,1,012200,10,003,83.1,10.8,2.5,0.3,2.0,1.4
155,19958,DE,38.7,-75.2,2,051005,10,005,86.7,8.1,0.0,0.5,0.3,4.4
156,20001,DC,38.91,-77.02,1,004801,11,001,27.4,3.6,35.1,20.5,11.5,1.9
157,20002,DC,38.91,-76.98,3,008804,11,001,33.2,6.2,50.2,5.6,0.5,4.2
158,20003,FL,38.88,-76.99,4,007100,11,001,27.4,9.7,51.3,5.5,3.3,2.8
159,20011,DC,38.95,-77.02,1,002201,11,001,56.9,5.9,24.7,0.9,7.4,4.1
160,20016,DC,38.94,-77.09,1,000901,11,001,35.1,9.5,13.9,17.5,4.9,19.1
161,20170,VA,38.98,-77.38,2,480801,51,059,73.8,9.3,4.5,4.4,3.2,4.8
162,20186,VA,38.7,-77.8,1,930302,51,061,80.2,12.1,1.4,1.6,1.0,3.7
163,20187,VA,38.7,-77.7,2,930403,51,061,77.7,7.7,0.8,2.4,3.7,7.7
164,20607,MD,38.66,-77.01,1,801310,24,033,80.7,11.8,4.0,0.1,0.3,3.1
165,20815,MD,38.98,-77.08,2,705400,24,031,51.7,7.9,15.0,6.7,4.5,14.2
166,20817,MD,39.0,-77.16,6,706013,24,031,74.2,5.2,7.5,1.0,1.2,10.9
167,20850,MD,39.09,-77.19,2,701006,24,031,71.8,8.2,9.3,0.4,1.3,9.0
168,20854,MD,39.0,-77.2,2,706009,24,031,68.5,8.7,5.8,1.4,1.7,14.0
169,20855,MD,39.14,-77.13,1,701307,24,031,75.5,9.9,8.9,0.0,1.8,3.9
170,20902,MD,39.04,-77.04,1,703209,24,031,52.1,8.0,26.7,2.1,2.0,9.1
171,20904,MD,39.07,-76.98,2,701415,24,031,75.2,8.3,7.5,2.0,1.7,5.3
172,21014,MD,39.54,-76.35,4,303803,24,025,81.9,11.5,0.0,3.3,0.0,3.3
173,21015,MD,39.6,-76.3,1,303101,24,025,87.5,6.0,0.5,0.0,0.0,6.0
174,21042,MD,39.28,-76.9,1,603004,24,027,84.2,5.5,0.0,2.6,1.2,6.4
175,21045,MD,39.21,-76.83,3,606604,24,027,86.8,6.0,4.1,0.0,1.4,1.7
176,21046,MD,39.17,-76.84,1,606707,24,027,86.8,4.4,2.5,0.0,0.6,5.8
177,21048,MD,39.49,-76.91,1,504201,24,013,83.2,10.4,0.0,0.0,0.5,5.9
178,21093,MD,39.44,-76.64,1,408703,24,005,86.4,8.3,2.2,0.0,0.2,2.9
179,21114,MD,39.01,-76.68,1,702206,24,003,84.1,5.1,8.0,1.2,0.4,1.1
180,21120,MD,39.6,-76.7,1,407001,24,005,84.1,7.1,0.0,0.5,0.6,7.7
181,21218,MD,39.33,-76.6,1,090300,24,510,59.9,7.4,18.7,4.4,6.7,2.8
182,21229,MD,39.28,-76.69,1,250102,24,510,64.2,16.9,16.4,0.3,2.2,0.0
183,21230,MD,39.26,-76.62,1,230300,24,510,80.1,3.9,6.5,5.4,0.8,3.2
184,21409,MD,39.02,-76.45,1,730902,24,003,82.1,5.5,3.1,1.0,1.0,7.4
185,21601,MD,38.8,-76.0,2,960100,24,041,80.4,10.4,0.4,2.6,0.3,5.8
186,21702,MD,39.5,-77.5,1,770700,24,021,77.4,7.0,2.9,1.5,0.7,10.4
187,21704,MD,39.34,-77.38,1,752204,24,021,80.3,7.3,5.0,0.6,1.2,5.6
188,21740,MD,39.6,-77.7,1,011100,24,043,74.5,13.0,1.0,3.6,0.7,7.2
189,21773,MD,39.54,-77.56,1,752802,24,021,75.2,12.0,1.3,0.4,2.5,8.6
190,21802,MD,38.3,-75.5,1,010605,24,045,91.5,3.9,0.0,0.0,1.1,3.4
191,21921,MD,39.6,-75.9,2,030903,24,015,81.7,11.7,0.8,1.1,3.3,1.4
192,22031,VA,38.86,-77.26,1,440100,51,059,73.4,7.6,6.6,3.6,0.4,8.4
193,22043,VA,38.9,-77.19,2,471000,51,059,50.3,7.2,33.6,0.8,2.0,6.1
194,22101,VA,38.94,-77.16,6,470400,51,059,76.3,7.1,2.8,1.6,3.9,8.2
195,22124,VA,38.89,-77.33,4,481600,51,059,78.2,3.4,4.4,1.2,1.9,11.0
196,22152,VA,38.78,-77.23,1,430801,51,059,66.4,18.2,9.8,0.0,1.1,4.5
197,22153,VA,38.74,-77.23,10,432600,51,059,73.0,8.6,8.5,0.2,0.8,8.9
198,22180,VA,38.9,-77.25,1,460800,51,059,66.2,9.4,8.6,8.0,0.0,7.8
199,22182,VA,38.94,-77.27,4,460100,51,059,78.2,7.9,3.5,0.9,0.4,9.0
200,22201,VA,38.89,-77.1,4,101500,51,013,45.1,3.2,36.2,6.4,3.0,6.2
201,22206,VA,38.84,-77.09,1,102902,51,013,58.9,9.9,22.9,4.8,0.0,3.6
202,22207,VA,38.91,-77.12,2,100300,51,013,73.2,5.8,5.3,1.8,1.5,12.4
203,22304,VA,38.81,-77.13,1,200405,51,510,62.6,6.1,24.2,2.1,2.8,2.1
204,22305,VA,38.84,-77.06,1,201203,51,510,40.7,19.5,23.8,3.7,8.7,3.6
205,22308,VA,38.75,-77.06,1,415500,51,059,66.1,5.8,13.4,5.6,4.7,4.4
206,22485,VA,38.3,-77.2,1,040300,51,099,82.1,10.2,0.6,1.0,1.7,4.4
207,22553,VA,38.3,-77.6,1,020106,51,177,80.8,8.9,1.6,0.9,0.7,7.2
208,22655,VA,39.06,-78.23,1,050801,51,069,78.6,16.8,0.0,0.0,0.2,4.4
209,22901,AZ,38.1,-78.6,1,010100,51,003,76.2,5.7,0.1,3.5,0.8,13.6
210,22923,VA,38.2,-78.3,1,110300,51,137,79.9,12.0,0.1,0.7,1.0,6.4
211,22980,VA,38.1,-78.9,1,070600,51,015,82.1,7.4,0.0,0.6,1.3,8.6
212,23059,VA,37.7,-77.5,1,200406,51,087,88.7,5.2,1.6,1.0,0.3,3.2
213,23060,VA,37.66,-77.53,1,200413,51,087,83.6,7.0,0.3,0.0,2.6,6.5
214,23112,VA,37.44,-77.68,1,100912,51,041,75.8,11.9,1.8,1.6,0.4,8.4
215,23116,VA,37.7,-77.3,1,321401,51,085,84.9,8.2,0.0,1.8,0.9,4.2
216,23185,VA,37.2,-76.7,1,860100,51,181,64.9,24.5,3.2,2.1,0.3,5.0
217,23225,VA,37.52,-77.5,5,071100,51,760,79.2,7.9,1.1,1.6,1.0,9.4
218,23235,VA,37.54,-77.57,1,070100,51,760,84.0,11.3,0.7,0.4,0.0,3.5
219,23322,VA,36.6,-76.3,2,021200,51,550,78.3,3.3,0.0,11.5,2.2,4.7
220,23451,VA,36.86,-76.03,1,044402,51,810,87.6,4.6,0.7,1.8,1.3,3.9
221,23505,VA,36.93,-76.29,1,000902,51,710,39.1,7.3,0.4,48.7,3.1,1.5
222,23507,VA,36.87,-76.31,1,003800,51,710,81.3,5.4,0.0,5.9,4.1,3.3
223,24012,VA,37.32,-79.9,1,031202,51,161,93.1,4.6,0.0,0.0,0.0,2.3
224,24401,VA,38.1,-79.1,1,070900,51,015,75.6,10.1,1.4,4.5,1.3,7.1
225,24459,VA,38.0,-79.3,1,071000,51,015,86.3,3.6,0.0,3.4,0.9,5.8
226,24502,VA,37.36,-79.21,2,001600,51,680,78.7,12.4,2.6,0.5,2.3,3.3
227,24874,WV,37.6,-81.5,1,003100,54,109,86.7,4.9,0.0,1.0,7.4,0.0
228,25314,WV,38.31,-81.66,1,001902,54,039,90.7,4.4,0.0,0.0,0.0,4.9
229,26062,WV,40.42,-80.57,1,020700,54,029,87.3,7.0,0.0,1.5,0.8,3.5
230,26105,WV,39.33,-81.51,1,010102,54,107,90.6,7.3,0.0,0.0,0.0,2.1
231,26508,WV,39.6,-79.9,1,011803,54,061,82.7,8.7,4.2,0.7,0.0,3.8
232,27012,NC,36.01,-80.37,1,004015,37,067,88.0,7.0,0.0,0.8,0.7,3.5
233,27104,NC,36.1,-80.32,1,003906,37,067,89.6,4.0,0.0,0.0,0.0,6.4
234,27455,NC,36.18,-79.82,1,015600,37,081,88.5,5.5,0.0,0.4,0.0,5.6
235,27502,NC,35.7,-78.9,1,053413,37,183,80.7,7.9,0.0,1.4,2.7,7.4
236,27513,NC,35.8,-78.8,4,053522,37,183,73.9,10.2,0.0,2.2,1.6,12.2
237,27516,NC,35.9,-79.2,2,011203,37,135,79.5,4.3,2.8,1.5,0.0,11.9
238,27519,NC,35.81,-78.89,1,053411,37,183,80.6,6.7,0.0,0.9,1.1,10.6
239,27539,NC,35.7,-78.8,1,053421,37,183,75.7,14.1,0.0,0.8,0.5,8.8
240,27607,NC,35.81,-78.71,1,052401,37,183,81.6,6.1,1.6,2.4,2.1,6.2
241,27703,NC,35.94,-78.8,1,001808,37,063,87.8,4.7,0.0,0.5,0.0,7.0
242,27858,NC,35.5,-77.3,1,001100,37,147,86.3,4.1,0.2,1.4,4.0,3.9
243,28027,NC,35.4,-80.7,1,041303,37,025,78.5,8.3,1.7,0.9,0.4,10.2
244,28031,NC,35.47,-80.89,3,006208,37,119,89.5,4.0,0.0,1.1,0.5,4.9
245,28036,NC,35.48,-80.8,3,006404,37,119,76.7,2.2,0.8,2.3,1.7,16.2
246,28056,NC,35.2,-81.1,1,033307,37,071,92.6,5.0,0.0,0.0,0.8,1.6
247,28078,NC,35.4,-80.9,1,006214,37,119,80.5,9.1,0.5,0.8,0.5,8.6
248,28104,NC,35.1,-80.7,1,005835,37,119,83.9,4.6,1.6,1.6,0.5,7.8
249,28117,NC,35.57,-80.89,2,061405,37,097,81.2,6.1,1.2,0.0,2.5,9.0
250,28203,NC,35.21,-80.86,4,003400,37,119,82.4,3.3,1.9,0.6,2.8,9.1
251,28204,NC,35.22,-80.83,1,002500,37,119,75.8,6.1,1.8,4.2,2.8,9.4
252,28216,NC,35.31,-80.9,1,006104,37,119,87.3,10.5,0.3,0.1,0.0,1.9
253,28226,NC,35.11,-80.83,1,003008,37,119,83.1,6.4,0.9,0.0,0.9,8.5
254,28278,NC,35.1,-81.0,2,005910,37,119,82.9,9.4,0.5,1.7,0.3,5.2
255,28692,NC,36.3,-81.8,1,920200,37,189,82.6,13.7,0.0,1.2,0.4,2.1
256,28704,NC,35.46,-82.57,1,002301,37,021,86.4,10.1,0.0,0.8,0.5,2.1
257,28705,NC,36.0,-82.2,1,950200,37,121,94.0,2.0,0.0,1.7,0.0,2.4
258,28711,NC,35.6,-82.3,1,003102,37,021,80.2,4.7,0.6,3.4,2.6,8.4
259,28714,NC,35.9,-82.3,1,960300,37,199,78.1,14.8,0.0,3.5,0.5,3.1
260,28779,NC,35.3,-83.2,1,950600,37,099,70.7,8.7,0.7,15.6,0.5,3.8
261,28787,NC,35.7,-82.5,1,002703,37,021,79.0,6.1,0.0,0.8,0.0,14.0
262,28805,NC,35.62,-82.49,2,003001,37,021,75.7,8.8,0.0,3.2,1.1,11.1
263,28806,NC,35.6,-82.6,1,001400,37,021,68.0,21.6,0.6,0.7,1.0,8.1
264,29201,SC,33.98,-81.02,1,011701,45,079,80.8,13.4,2.1,2.6,0.7,0.4
265,29401,SC,32.78,-79.93,1,005100,45,019,60.3,7.4,2.6,12.6,7.3,9.9
266,29464,SC,32.82,-79.86,1,004606,45,019,76.2,9.2,1.0,1.1,1.1,11.4
267,29576,SC,33.56,-79.08,1,920502,45,043,87.7,2.5,0.0,0.5,0.9,8.4
268,29607,SC,34.84,-82.38,1,004300,45,045,77.6,10.3,6.0,3.5,1.8,0.8
269,29617,SC,34.91,-82.47,2,003701,45,045,86.8,6.6,0.6,0.6,1.3,4.0
270,29620,SC,34.2,-82.4,1,950400,45,001,69.0,13.4,0.0,1.8,0.6,15.3
271,29651,SC,34.9,-82.2,2,023202,45,083,88.7,9.5,0.1,0.0,1.6,0.0
272,29681,SC,34.76,-82.22,2,003009,45,045,84.1,6.8,0.0,0.3,0.0,8.7
273,29902,SC,32.38,-80.7,2,000800,45,013,82.3,13.9,0.0,2.1,0.4,1.3
274,30019,GA,34.0,-83.9,5,050607,13,135,82.8,8.6,0.5,0.0,0.7,7.4
275,30067,GA,33.93,-84.46,2,030320,13,067,85.5,5.1,0.0,1.0,0.5,7.8
276,30114,GA,34.3,-84.5,1,090200,13,057,84.6,9.0,0.5,1.2,0.4,4.3
277,30124,GA,34.14,-85.35,1,002000,13,115,85.7,6.6,0.0,1.9,0.5,5.3
278,30145,GA,34.2,-85.0,1,961000,13,015,85.9,6.0,0.0,0.5,1.8,5.8
279,30284,GA,33.41,-84.3,1,070501,13,151,62.5,21.7,0.5,0.6,0.7,14.0
280,30309,GA,33.8,-84.39,1,000500,13,121,63.1,3.2,2.9,9.1,5.0,16.7
281,30319,GA,33.86,-84.35,2,010002,13,121,83.7,0.6,0.8,2.0,1.2,11.7
282,30328,GA,33.93,-84.4,1,010205,13,121,84.3,2.2,2.1,0.7,1.5,9.2
283,30622,GA,33.9,-83.5,1,030100,13,219,83.0,9.6,0.0,0.3,0.7,6.3
284,30736,GA,34.9,-85.1,1,030100,13,047,89.2,7.4,0.2,1.0,0.7,1.6
285,31088,GA,32.58,-83.65,1,021105,13,153,80.6,17.4,0.0,1.3,0.4,0.4
286,31220,GA,32.88,-83.81,1,013605,13,021,84.7,7.8,0.0,0.0,0.0,7.5
287,31324,GA,31.9,-81.3,1,920306,13,029,87.5,6.3,0.0,2.2,0.9,3.2
288,32059,FL,30.4,-83.3,1,110400,12,079,86.2,5.2,0.0,0.9,4.0,3.8
289,32082,FL,30.1,-81.4,1,020602,12,109,79.1,5.6,0.2,0.0,2.0,13.1
290,32092,FL,29.9,-81.5,2,021004,12,109,79.4,9.1,0.0,2.7,0.8,8.0
291,32129,FL,29.13,-81.02,1,082506,12,127,79.2,11.1,0.0,2.9,1.1,5.7
292,32259,FL,30.1,-81.6,1,020805,12,109,82.2,5.9,0.0,0.8,3.3,7.7
293,32303,FL,30.52,-84.33,1,002208,12,073,88.9,6.9,0.0,0.7,2.3,1.2
294,32401,FL,30.16,-85.67,1,002200,12,005,81.2,11.7,3.5,0.0,3.6,0.0
295,32536,FL,30.7,-86.7,1,020100,12,091,86.1,5.4,0.0,0.4,3.5,4.7
296,32708,FL,28.68,-81.27,1,021403,12,117,81.0,9.3,0.0,0.3,1.0,8.3
297,32714,FL,28.67,-81.42,25,021606,12,117,85.5,5.4,0.0,0.0,3.5,5.6
298,32746,FL,28.76,-81.36,1,020805,12,117,76.9,12.7,0.9,0.4,1.0,8.0
299,32751,FL,28.63,-81.36,1,015601,12,095,78.4,10.0,2.3,0.6,0.6,8.2
300,32836,FL,28.41,-81.52,1,017108,12,095,78.7,4.6,0.5,1.6,1.1,13.6
301,32934,FL,28.15,-80.73,2,071301,12,009,83.6,5.0,0.0,0.0,1.1,10.2
302,32952,FL,28.3,-80.7,1,062800,12,009,72.4,8.7,0.0,2.2,6.1,10.6
303,33160,FL,25.94,-80.14,3,000132,12,086,78.3,6.9,1.4,0.0,2.7,10.7
304,33186,FL,25.66,-80.41,1,018900,12,086,83.3,9.9,0.5,1.1,2.0,3.4
305,33311,FL,26.13,-80.16,1,041500,12,011,55.9,23.2,12.9,3.7,4.3,0.0
306,33328,FL,26.07,-80.27,1,070209,12,011,91.3,3.6,0.7,0.0,0.0,4.4
307,33332,FL,26.04,-80.47,1,980000,12,011,-666666666.0,-666666666.0,-666666666.0,-666666666.0,-666666666.0,-666666666.0
308,33405,FL,26.68,-80.06,1,003300,12,099,76.9,11.6,0.0,6.1,2.6,2.8
309,33527,FL,27.97,-82.22,1,012402,12,057,71.3,18.9,1.4,1.0,0.0,7.4
310,33538,FL,28.8,-82.2,1,451000,12,017,82.6,9.2,0.0,0.0,3.4,4.9
311,33556,FL,28.2,-82.6,2,031701,12,101,78.9,5.3,0.0,1.0,1.5,13.2
312,33702,FL,27.85,-82.63,4,024411,12,103,80.8,9.1,0.0,1.5,1.3,7.3
313,33921,FL,26.83,-82.28,1,030402,12,015,80.4,1.4,0.0,0.0,2.7,15.5
314,33922,FL,26.66,-82.14,1,070101,12,071,66.2,15.7,0.0,3.3,9.6,5.3
315,34102,FL,26.13,-81.8,1,000101,12,021,68.1,0.0,4.0,4.8,6.0,17.1
316,34110,FL,26.3,-81.79,1,010102,12,021,82.2,4.0,1.0,0.7,2.3,9.8
317,34134,FL,26.36,-81.85,1,060300,12,071,73.3,3.9,0.0,0.0,0.0,22.9
318,34223,FL,26.98,-82.37,1,002603,12,115,75.0,14.7,0.0,0.9,0.0,9.4
319,34436,FL,28.7,-82.3,2,451300,12,017,77.7,10.1,0.0,0.0,0.9,11.4
320,34470,FL,29.2,-82.09,2,002002,12,083,84.6,9.5,2.3,2.7,0.3,0.5
321,34480,FL,29.1,-82.1,1,002402,12,083,86.2,8.6,0.0,1.7,0.8,2.7
322,34639,FL,28.3,-82.4,1,032001,12,101,83.1,8.5,0.0,1.4,0.5,6.5
323,34655,FL,28.23,-82.63,1,031707,12,101,83.5,8.1,0.0,0.0,0.0,8.4
324,34711,FL,28.5,-81.8,1,031311,12,069,82.6,12.7,0.3,0.6,0.8,3.1
325,34747,FL,28.32,-81.59,1,040802,12,097,84.1,9.2,0.5,0.2,1.2,4.8
326,34758,FL,28.2,-81.5,1,041100,12,097,89.3,7.7,0.3,0.9,1.4,0.4
327,34786,FL,28.48,-81.56,1,017105,12,095,85.0,4.1,0.0,0.7,0.7,9.4
328,34787,FL,28.5,-81.6,2,017105,12,095,85.0,4.1,0.0,0.7,0.7,9.4
329,34949,FL,27.5,-80.31,2,381204,12,111,77.5,6.5,1.2,4.0,4.4,6.5
330,34996,FL,27.2,-80.19,1,000502,12,085,77.1,8.3,0.0,0.0,0.9,13.7
331,34997,FL,27.1,-80.3,1,001700,12,085,77.7,4.4,0.0,0.0,3.0,14.9
332,36527,AL,30.7,-87.9,1,010701,01,003,91.8,2.8,0.0,0.9,0.4,4.1
333,36532,AL,30.5,-87.9,1,011202,01,003,81.5,2.5,0.6,1.7,2.3,11.4
334,36559,AL,30.572,-87.897,2,010800,01,003,88.6,5.2,1.5,0.1,0.0,4.6
335,37069,TN,35.99,-86.91,2,050406,47,187,75.6,5.6,0.3,1.4,0.7,16.5
336,37087,TN,36.3,-86.3,1,030101,47,189,86.9,9.3,0.5,0.3,0.0,3.0
337,37122,TN,36.2,-86.5,4,030309,47,189,69.8,15.1,2.1,2.6,0.7,9.7
338,37203,TN,36.15,-86.79,1,016300,47,037,63.6,8.7,3.2,13.3,5.4,5.9
339,37205,TN,36.11,-86.87,1,018203,47,037,81.2,10.5,0.0,0.0,0.0,8.4
340,37212,TN,36.13,-86.8,3,016900,47,037,74.5,7.4,0.4,4.2,4.2,9.2
341,37221,TN,36.06,-86.96,1,018407,47,037,80.1,9.4,1.5,0.3,1.0,7.6
342,37388,TN,35.3,-86.2,1,960201,47,051,84.0,11.1,0.0,1.5,0.5,2.8
343,37604,TN,36.3,-82.38,1,060502,47,179,85.7,11.0,0.0,0.9,1.8,0.6
344,37694,TN,36.38,-82.28,1,071100,47,019,84.0,7.3,0.0,0.3,2.6,5.8
345,37774,TN,35.7,-84.4,1,060700,47,105,89.2,6.7,0.6,0.3,0.8,2.3
346,37830,TN,36.0,-84.3,1,020100,47,001,85.6,7.6,0.0,2.3,3.0,1.6
347,38011,TN,35.5,-89.7,1,040500,47,167,92.9,4.3,0.0,0.5,0.2,2.1
348,38138,TN,35.08,-89.79,1,021341,47,157,84.7,5.3,0.0,0.3,0.0,9.7
349,38231,TN,36.22,-88.42,1,969800,47,079,87.8,7.0,0.2,0.8,2.8,1.4
350,38871,MS,34.33,-89.19,1,950200,28,115,84.3,8.0,0.3,0.0,6.8,0.5
351,39090,MS,33.1,-89.5,1,060100,28,007,69.2,23.0,0.0,0.8,4.4,2.6
352,40202,KY,38.25,-85.75,1,005900,21,111,62.1,3.7,19.2,6.0,2.3,6.7
353,40218,KY,38.19,-85.66,1,011301,21,111,79.2,3.8,8.7,1.8,2.5,4.1
354,40223,KY,38.26,-85.54,16,010406,21,111,85.3,7.8,0.0,1.6,0.0,5.3
355,40241,KY,38.31,-85.58,1,010318,21,111,87.0,7.1,0.1,1.1,0.0,4.7
356,40245,KY,38.26,-85.46,2,010307,21,111,82.2,7.0,0.3,1.6,0.6,8.2
357,40258,KY,38.14,-85.86,1,012406,21,111,81.6,11.0,0.0,4.2,1.2,1.9
358,40299,KY,38.2,-85.5,1,011601,21,111,83.6,5.3,0.0,1.4,0.9,8.8
359,40324,KY,38.3,-84.6,1,040603,21,209,82.3,10.7,2.2,1.6,0.0,3.1
360,41005,KY,39.0,-84.8,2,070502,21,015,82.9,11.1,0.3,0.9,0.7,4.1
361,41051,KY,38.93,-84.56,4,063605,21,117,86.4,8.5,0.6,0.9,1.4,2.2
362,41075,KY,39.08,-84.45,1,052301,21,037,72.5,21.1,1.8,1.5,0.1,2.9
363,42088,KY,36.6,-88.8,1,020500,21,083,81.4,14.1,0.0,0.8,1.2,2.5
364,42101,KY,37.0,-86.5,1,011200,21,227,70.3,24.1,0.7,1.4,2.3,1.2
365,42141,KY,36.9,-85.9,1,950900,21,009,83.8,8.9,0.0,0.0,0.0,7.4
366,43015,OH,40.3,-83.1,1,010520,39,041,90.8,4.7,0.0,0.0,1.5,3.1
367,43021,OH,40.21,-82.87,1,012300,39,041,91.2,1.2,0.0,0.6,1.6,5.5
368,43026,OH,40.02,-83.18,1,010601,39,049,85.6,8.6,0.3,1.3,0.3,3.8
369,43055,OH,40.1,-82.4,1,751900,39,089,79.6,11.4,0.0,3.4,3.7,1.8
370,43065,OH,40.17,-83.1,1,011900,39,041,84.5,2.7,0.0,0.9,0.6,11.3
371,43082,OH,40.16,-82.87,1,011750,39,041,80.7,3.1,0.0,0.6,1.5,14.1
372,43085,OH,40.1,-83.01,1,006722,39,049,88.0,6.4,0.0,0.0,0.0,5.6
373,43112,OH,39.8,-82.72,1,030800,39,045,82.7,6.5,0.4,0.5,2.1,7.9
374,43235,OH,40.1,-83.06,1,006387,39,049,86.0,8.9,0.0,0.5,0.0,4.6
375,43542,OH,41.57,-83.76,6,009000,39,095,89.3,3.3,0.0,0.4,1.3,5.7
376,43571,OH,41.51,-83.81,1,008901,39,095,91.1,3.2,0.4,0.4,0.0,4.9
377,44012,OH,41.5,-82.02,1,010300,39,093,80.2,9.7,0.5,0.8,0.0,8.8
378,44047,OH,41.7,-80.7,1,001302,39,007,83.7,9.6,0.7,1.6,1.5,3.0
379,44107,OH,41.48,-81.8,1,161300,39,035,84.6,6.4,2.7,0.5,2.8,3.0
380,44120,OH,41.47,-81.58,1,119900,39,035,57.3,5.4,33.4,2.1,0.0,1.9
381,44133,OH,41.31,-81.74,1,175201,39,035,89.7,3.4,0.5,0.4,0.4,5.6
382,44139,OH,41.39,-81.44,1,184104,39,035,82.5,9.1,2.3,0.0,0.8,5.3
383,44140,OH,41.49,-81.92,2,130105,39,035,85.1,5.6,1.0,0.9,1.4,5.9
384,44223,OH,41.17,-81.53,1,532902,39,153,90.6,5.5,0.0,1.2,0.0,2.7
385,44236,OH,41.25,-81.46,1,534000,39,153,79.2,8.8,0.9,0.5,0.8,9.7
386,44312,OH,41.01,-81.44,1,531102,39,153,89.5,6.5,0.0,1.3,0.6,2.1
387,44514,OH,41.01,-80.61,1,811002,39,099,93.9,1.2,0.0,0.0,1.0,3.9
388,44691,OH,40.8,-82.0,1,002000,39,169,89.6,7.2,0.0,0.0,0.8,2.4
389,44705,OH,40.83,-81.34,1,700200,39,151,81.9,13.1,0.0,1.6,2.8,0.7
390,44805,OH,40.9,-82.3,1,970400,39,005,89.2,6.9,0.0,2.9,1.1,0.0
391,45015,OH,39.36,-84.54,1,010906,39,017,85.8,9.6,0.0,1.1,1.1,2.4
392,45040,OH,39.35,-84.3,3,031902,39,165,83.9,6.5,0.2,1.2,0.7,7.5
393,45069,OH,39.34,-84.42,1,011128,39,017,83.0,4.4,0.7,0.0,1.0,10.7
394,45140,OH,39.26,-84.24,1,040302,39,025,79.6,8.0,0.1,0.7,2.5,9.1
395,45209,OH,39.15,-84.43,1,005301,39,061,84.5,2.7,4.8,6.6,0.4,0.9
396,45214,OH,39.12,-84.55,1,009200,39,061,70.6,20.9,8.4,0.0,0.0,0.0
397,45215,OH,39.24,-84.46,1,022700,39,061,82.8,10.5,4.3,1.0,0.0,1.3
398,45331,OH,40.1,-84.6,4,550100,39,037,88.7,5.3,0.0,2.1,0.5,3.4
399,45338,OH,39.84,-84.57,1,420100,39,135,85.2,7.0,0.0,1.4,4.0,2.4
400,45385,OH,39.7,-83.9,1,240600,39,057,61.8,4.3,0.0,29.9,0.0,4.1
401,45414,OH,39.83,-84.21,1,080500,39,113,88.2,3.1,3.0,2.6,0.0,3.2
402,45424,OH,39.84,-84.11,1,100400,39,113,84.3,11.1,1.3,0.9,0.0,2.4
403,45440,OH,39.67,-84.1,1,220100,39,057,87.9,3.0,0.0,1.0,0.6,7.5
404,45710,OH,39.2,-82.2,1,964300,39,105,86.0,9.9,0.0,1.4,0.0,2.8
405,46148,IN,39.82,-85.52,1,976700,18,065,85.2,6.3,0.0,1.7,0.4,6.4
406,46205,IN,39.82,-86.12,1,350500,18,097,74.9,9.3,6.8,5.4,0.0,3.5
407,46219,IN,39.78,-86.05,1,360700,18,097,75.4,11.8,1.1,3.5,4.7,3.5
408,46234,IN,39.81,-86.32,1,340114,18,097,88.0,5.8,0.0,1.3,1.2,3.7
409,46237,IN,39.68,-86.09,1,380902,18,097,90.6,3.4,0.0,0.9,0.0,5.0
410,46250,IN,39.91,-86.07,1,320304,18,097,82.2,8.0,0.0,0.0,0.5,9.3
411,46260,IN,39.9,-86.18,1,320109,18,097,84.5,4.9,3.7,0.0,0.8,6.0
412,46385,IN,41.5,-87.1,1,050603,18,127,89.7,4.2,1.8,0.9,0.0,3.4
413,46514,IN,41.72,-85.97,1,001601,18,039,78.2,13.8,2.3,5.1,0.0,0.6
414,46554,IN,41.6,-86.4,1,012000,18,141,85.9,7.1,0.0,2.0,1.0,4.1
415,46637,IN,41.73,-86.24,1,011302,18,141,83.5,10.7,1.1,0.9,0.0,3.8
416,46804,IN,41.05,-85.24,1,011603,18,003,91.0,0.7,0.0,0.6,0.0,7.7
417,47150,IN,38.3,-85.8,1,070302,18,043,77.9,11.9,0.0,1.6,0.0,8.6
418,47203,IN,39.2,-85.8,1,011300,18,005,86.6,8.0,0.5,0.0,2.3,2.7
419,47265,IN,39.0,-85.6,1,960200,18,079,84.9,8.4,0.5,1.4,0.5,4.5
420,47404,IN,39.2,-86.6,1,001305,18,105,86.5,8.9,0.0,0.0,0.3,4.4
421,47710,IN,38.02,-87.58,2,003900,18,163,86.0,7.3,4.5,0.8,0.5,0.8
422,47712,IN,37.9,-87.7,1,010403,18,163,85.1,4.1,0.9,7.2,1.1,1.6
423,47906,IN,40.5,-87.0,3,010201,18,157,91.9,4.6,0.0,0.9,0.3,2.3
424,48067,MI,42.49,-83.14,1,184200,26,125,81.0,4.1,2.6,0.2,2.2,9.9
425,48069,MI,42.47,-83.14,1,187000,26,125,86.4,3.3,0.0,0.9,0.4,9.0
426,48096,MI,42.76,-82.92,1,216000,26,099,86.1,9.7,0.0,0.6,2.3,1.3
427,48103,MI,42.3,-83.9,2,448000,26,161,84.6,4.1,0.7,0.6,0.6,9.4
428,48105,MI,42.3,-83.7,1,402600,26,161,18.8,4.1,44.2,21.8,4.1,7.1
429,48137,MI,42.5,-84.1,4,732100,26,093,83.1,13.1,0.1,0.8,0.0,2.8
430,48152,MI,42.42,-83.37,2,556800,26,163,82.3,11.2,0.4,0.0,0.0,6.1
431,48158,MI,42.2,-84.0,1,432000,26,161,82.8,6.1,0.4,0.4,0.6,9.7
432,48169,MI,42.5,-83.9,1,743400,26,093,88.2,2.8,0.0,0.1,0.0,9.0
433,48301,MI,42.54,-83.28,1,150900,26,125,87.8,2.7,2.4,0.0,1.6,5.4
434,48307,MI,42.66,-83.12,1,193400,26,125,87.2,8.1,0.0,0.0,0.5,4.2
435,48322,MI,42.54,-83.38,1,157800,26,125,82.3,9.3,0.5,2.9,0.0,5.1
436,48324,MI,42.59,-83.38,1,154500,26,125,88.4,1.4,0.0,1.2,0.0,9.0
437,48357,MI,42.65,-83.64,1,131800,26,125,85.4,12.5,0.0,0.0,0.0,2.1
438,48603,MI,43.47,-84.02,1,010302,26,145,88.0,7.9,0.0,0.0,0.0,4.1
439,48611,MI,43.64,-84.09,2,285600,26,017,85.9,3.4,1.8,1.6,0.7,6.6
440,48823,MI,42.76,-84.44,1,004600,26,065,84.5,8.1,0.4,0.5,2.2,4.4
441,48840,MI,42.77,-84.37,4,011101,26,037,83.3,10.9,0.0,0.0,0.0,5.7
442,48864,MI,42.71,-84.4,1,004901,26,065,82.6,9.8,1.6,1.0,0.0,5.0
443,48910,MI,42.7,-84.52,1,002901,26,065,86.0,7.1,3.1,0.0,0.6,3.2
444,49024,MI,42.2,-85.62,1,002002,26,077,92.0,4.4,0.0,0.3,1.5,1.7
445,49245,MI,42.1,-84.8,1,003100,26,025,82.2,8.3,0.3,2.8,3.2,3.1
446,49406,MI,42.64,-86.2,1,030800,26,005,76.4,4.7,1.7,2.1,0.9,14.2
447,49412,MI,43.5,-85.9,1,970600,26,123,78.8,10.4,0.7,2.6,1.9,5.6
448,49418,MI,42.88,-85.78,1,013100,26,081,86.4,8.7,2.5,0.0,0.5,1.9
449,49426,MI,42.8,-85.9,1,023002,26,139,84.3,9.9,0.0,2.2,1.3,2.3
450,49506,MI,42.94,-85.62,1,003400,26,081,82.9,7.9,3.1,0.0,1.7,4.5
451,49507,MI,42.93,-85.65,1,003700,26,081,73.8,15.6,2.3,3.9,1.2,3.2
452,49668,MI,44.4,-85.7,1,380300,26,165,74.5,14.7,0.0,2.7,1.9,6.2
453,50135,IA,41.7,-92.9,1,040100,19,099,83.6,5.6,0.1,1.2,0.6,9.0
454,50219,IA,41.4,-92.9,1,030200,19,125,77.0,10.3,1.4,5.7,2.3,3.3
455,50263,IA,41.6,-93.9,5,050902,19,049,83.1,7.7,1.0,2.0,0.9,5.4
456,50266,IA,41.56,-93.81,1,050811,19,049,89.1,6.0,0.3,0.6,0.5,3.6
457,50627,IA,42.3,-93.1,1,480500,19,083,85.5,6.8,0.0,2.5,0.7,4.6
458,50651,IA,42.3,-92.2,2,002902,19,013,84.7,8.2,0.0,3.4,0.8,2.8
459,50701,IA,42.4,-92.4,2,003002,19,013,84.6,3.7,0.0,3.9,0.4,7.5
460,51334,IA,43.4,-94.8,4,070300,19,063,73.6,11.0,0.0,6.9,2.0,6.4
461,52314,IA,41.9,-91.5,1,010700,19,113,86.3,6.4,0.2,1.0,0.4,5.7
462,52753,IA,41.63,-90.4,1,010101,19,163,90.2,6.3,0.0,0.2,0.0,3.3
463,52803,IA,41.54,-90.56,1,011600,19,163,87.5,5.0,0.2,1.7,1.5,4.2
464,53005,WI,43.06,-88.1,1,201000,55,133,81.8,7.5,0.0,1.0,1.2,8.5
465,53072,WI,43.1,-88.3,2,203303,55,133,88.6,5.9,0.7,0.0,0.8,4.0
466,53097,WI,43.24,-87.98,1,660100,55,089,80.7,8.6,0.4,2.4,2.6,5.3
467,53149,WI,42.9,-88.3,4,202001,55,133,87.8,5.9,0.0,1.7,0.3,4.2
468,53150,WI,42.88,-88.13,1,201900,55,133,85.2,8.1,0.5,0.0,1.5,4.7
469,53154,WI,42.89,-87.89,4,160203,55,079,84.9,9.5,2.2,1.0,1.3,1.1
470,53202,WI,43.04,-87.89,1,980000,55,079,-666666666.0,-666666666.0,-666666666.0,-666666666.0,-666666666.0,-666666666.0
471,53207,WI,42.97,-87.9,1,020900,55,079,86.7,8.0,0.5,1.1,0.0,3.7
472,53211,WI,43.07,-87.89,2,007800,55,079,57.4,4.2,14.3,16.2,5.1,2.8
473,53581,WI,43.4,-90.4,1,970200,55,103,83.6,6.6,0.4,1.6,1.1,6.6
474,53593,WI,43.0,-89.6,1,010904,55,025,84.0,3.1,0.7,2.3,1.0,8.9
475,53719,WI,43.03,-89.5,1,000504,55,025,77.6,10.2,2.4,0.0,3.7,6.1
476,53901,WI,43.5,-89.5,1,970600,55,021,81.4,12.7,0.3,1.4,1.2,3.0
477,53916,WI,43.5,-88.9,2,960600,55,027,79.3,11.7,0.1,2.1,0.9,5.9
478,54313,WI,44.6,-88.1,1,020204,55,009,89.3,5.1,0.0,0.3,0.6,4.7
479,54401,WI,45.0,-89.7,1,001500,55,073,86.0,6.2,0.4,1.2,0.3,5.8
480,54452,WI,45.2,-89.7,1,960700,55,069,89.5,4.8,0.0,0.1,0.3,5.2
481,54455,WI,44.8,-89.7,1,001202,55,073,82.5,6.7,0.0,1.3,4.1,5.4
482,54467,WI,44.4,-89.5,1,961300,55,097,83.5,7.6,0.5,1.8,1.0,5.6
483,54665,WI,43.5,-90.9,1,960500,55,123,79.8,7.4,0.2,3.9,1.3,7.4
484,54666,WI,44.2,-90.4,1,960100,55,053,82.5,9.6,0.0,1.7,3.0,3.3
485,54729,WI,44.9,-91.4,1,010200,55,017,86.8,7.5,0.0,1.0,3.3,1.4
486,54901,WI,44.07,-88.52,4,001600,55,139,86.4,7.0,0.0,1.3,1.0,4.3
487,55014,MN,45.19,-93.13,4,050229,27,003,85.6,5.9,3.3,1.2,1.3,2.7
488,55057,MN,44.5,-93.2,1,061502,27,037,81.1,7.1,0.2,1.4,0.6,9.7
489,55082,MN,45.1,-92.8,1,070404,27,163,85.6,2.5,0.6,0.6,1.5,9.2
490,55106,MN,44.94,-93.05,1,980000,27,123,-666666666.0,-666666666.0,-666666666.0,-666666666.0,-666666666.0,-666666666.0
491,55108,MN,44.98,-93.18,4,042001,27,123,30.2,5.7,35.0,19.9,3.4,5.8
492,55113,MN,45.01,-93.16,2,041800,27,123,75.0,6.6,5.8,3.8,1.4,7.4
493,55116,MN,44.91,-93.17,1,037500,27,123,73.5,8.3,6.9,0.0,3.1,8.2
494,55123,MN,44.8,-93.14,1,060732,27,037,83.6,7.6,3.0,0.3,0.5,4.9
495,55125,MN,44.92,-92.94,4,071013,27,163,80.2,6.9,4.1,1.9,0.8,6.2
496,55126,MN,45.08,-93.14,1,040707,27,123,84.0,7.4,1.7,0.3,0.3,6.3
497,55301,MN,45.24,-93.67,2,100801,27,171,85.9,5.6,1.1,1.3,1.5,4.6
498,55315,MN,44.72,-93.68,1,091100,27,019,77.9,7.0,4.2,0.8,1.9,8.2
499,55347,MN,44.83,-93.46,2,026018,27,053,80.8,4.9,2.8,0.0,1.4,10.1
500,55352,MN,44.7,-93.6,1,080800,27,139,84.8,6.8,0.6,2.5,0.3,5.0
501,55369,MN,45.13,-93.46,1,026708,27,053,80.4,8.3,3.4,1.0,1.2,5.7
502,55378,MN,44.76,-93.37,2,080202,27,139,86.2,2.1,1.8,0.4,0.5,9.0
503,55408,MN,44.94,-93.29,1,109200,27,053,69.2,4.3,15.7,2.6,4.6,3.6
504,55410,MN,44.91,-93.31,1,111300,27,053,74.3,7.4,5.2,1.3,1.5,10.3
505,55411,MN,45.0,-93.3,1,102100,27,053,58.9,13.6,15.8,2.9,3.1,5.7
506,55431,MN,44.83,-93.31,1,025702,27,053,81.3,8.1,1.9,1.7,1.7,5.3
507,55438,MN,44.82,-93.38,1,025906,27,053,85.3,8.4,0.9,0.0,1.5,3.9
508,55443,MN,45.12,-93.33,2,026823,27,053,79.6,4.5,7.0,0.5,3.3,5.0
509,56071,MN,44.5,-93.6,1,950100,27,079,82.6,9.4,0.5,2.0,0.4,5.1
510,57042,SD,44.0,-97.2,1,960100,46,079,73.5,8.5,0.0,2.4,1.3,14.3
511,57105,SD,43.52,-96.73,1,001500,46,099,82.8,5.2,0.2,7.3,2.0,2.5
512,57701,SD,44.1,-103.2,3,010400,46,103,76.6,9.7,1.0,8.8,1.6,2.3
513,57719,SD,44.2,-103.0,1,020500,46,093,63.9,14.6,0.4,2.4,0.6,18.1
514,59701,MT,46.1,-112.4,1,962202,30,043,76.6,14.1,0.0,6.3,1.0,2.1
515,59718,MT,45.6,-111.1,1,000502,30,031,77.8,8.9,0.0,2.8,3.9,6.6
516,59725,MT,45.0,-112.9,1,000100,30,001,55.5,7.6,0.2,16.7,4.3,15.8
517,59801,MT,46.86,-113.99,1,000500,30,063,48.8,3.0,6.7,25.2,12.5,3.6
518,59860,MT,47.8,-114.2,1,940303,30,047,74.0,11.3,0.0,5.1,2.3,7.4
519,59870,MT,46.5,-114.1,2,000201,30,081,69.3,14.7,0.1,6.5,0.0,9.3
520,59937,MT,48.5,-114.6,2,000100,30,029,63.6,8.6,0.0,12.8,5.5,9.5
521,60002,IL,42.5,-88.1,2,002906,55,059,83.5,9.5,1.6,0.0,1.3,4.1
522,60012,IL,42.28,-88.31,1,870803,17,111,81.8,4.3,2.0,0.0,1.2,10.7
523,60016,IL,42.05,-87.89,1,806102,17,031,79.6,5.0,10.2,0.0,0.9,4.3
524,60045,IL,42.24,-87.87,1,863500,17,097,73.5,3.1,8.1,0.5,2.4,12.3
525,60046,IL,42.41,-88.06,4,861013,17,097,76.8,13.9,2.9,1.1,1.2,4.1
526,60047,IL,42.21,-88.04,1,864402,17,097,76.6,6.5,5.6,0.0,2.1,9.2
527,60056,IL,42.06,-87.93,1,804901,17,031,70.6,4.8,14.1,1.3,2.3,6.9
528,60060,IL,42.27,-88.04,1,864105,17,097,78.5,7.7,4.5,1.1,0.5,7.8
529,60068,IL,42.02,-87.84,1,805501,17,031,67.7,6.4,10.6,1.8,1.1,12.5
530,60115,IL,41.9,-88.7,1,001600,17,037,88.5,5.6,0.8,0.7,0.0,4.5
531,60130,IL,41.87,-87.82,1,816100,17,031,61.1,7.3,22.6,4.2,0.0,4.8
532,60139,IL,41.92,-88.08,1,840911,17,043,85.2,9.4,1.5,1.0,1.4,1.4
533,60154,IL,41.85,-87.89,1,818402,17,031,87.5,2.7,3.1,0.4,1.6,4.6
534,60173,IL,42.04,-88.05,1,804603,17,031,80.5,7.7,5.0,0.1,2.7,3.9
535,60188,IL,41.92,-88.13,1,841210,17,043,85.0,6.8,2.4,2.4,0.5,2.8
536,60189,IL,41.83,-88.12,2,842601,17,043,73.6,5.1,7.6,0.5,0.7,12.4
537,60302,IL,41.89,-87.79,4,812400,17,031,57.8,5.5,20.9,1.4,3.0,11.4
538,60304,IL,41.87,-87.78,1,813100,17,031,64.0,4.4,25.6,1.6,1.6,2.7
539,60401,IL,41.34,-87.62,1,883902,17,197,87.4,3.3,4.5,0.0,0.3,4.5
540,60402,IL,41.83,-87.78,1,815500,17,031,76.7,13.5,5.8,2.1,1.2,0.6
541,60423,IL,41.48,-87.84,1,883504,17,197,82.2,5.2,4.0,1.4,0.0,7.1
542,60451,IL,41.51,-87.96,1,881115,17,197,87.8,1.5,5.3,0.3,0.0,5.0
543,60513,IL,41.83,-87.85,4,818800,17,031,79.7,5.8,9.9,0.0,0.6,4.0
544,60515,IL,41.81,-88.03,1,844802,17,043,76.2,3.5,8.8,1.2,1.4,9.0
545,60534,IL,41.81,-87.82,1,819200,17,031,75.6,9.8,4.9,3.2,2.2,4.4
546,60542,IL,41.8,-88.35,1,853001,17,089,88.4,7.0,1.3,0.0,0.0,3.3
547,60565,IL,41.72,-88.11,1,880118,17,197,79.3,2.4,6.1,0.7,0.3,11.2
548,60605,IL,41.87,-87.62,1,320600,17,031,27.3,3.8,28.0,25.7,7.1,8.2
549,60608,IL,41.85,-87.68,1,841300,17,031,47.3,7.9,39.0,4.1,0.4,1.3
550,60613,IL,41.95,-87.65,2,061000,17,031,27.8,4.2,50.6,3.0,3.9,10.5
551,60615,IL,41.81,-87.6,1,390200,17,031,51.0,5.6,28.2,3.6,2.1,9.5
552,60630,IL,41.97,-87.76,1,110502,17,031,48.1,8.0,34.0,0.6,1.9,7.3
553,60634,IL,41.95,-87.81,1,170400,17,031,77.4,11.8,8.7,1.4,0.5,0.3
554,60640,IL,41.97,-87.66,1,031100,17,031,31.0,6.5,39.9,5.2,6.7,10.8
555,60654,IL,41.89,-87.64,1,842300,17,031,36.0,6.4,32.8,14.0,4.1,6.7
556,61008,IL,42.2,-88.8,4,010400,17,007,90.7,5.5,0.5,0.6,0.0,2.8
557,61073,IL,42.42,-88.99,1,003904,17,201,88.5,5.4,0.3,0.0,2.2,3.5
558,61550,IL,40.61,-89.43,1,021606,17,179,93.0,2.9,0.5,1.0,0.0,2.6
559,61701,IL,40.47,-88.99,1,005900,17,113,80.6,11.0,3.3,2.4,0.6,2.1
560,62269,IL,38.6,-89.91,4,504351,17,163,87.3,5.4,2.1,0.4,1.0,3.8
561,62281,IL,38.71,-89.79,1,403702,17,119,83.0,6.6,1.3,1.6,1.4,6.2
562,62711,IL,39.76,-89.72,1,003604,17,167,91.1,2.3,0.6,0.8,1.4,3.7
563,63017,MO,38.67,-90.53,2,215231,29,189,86.8,2.7,1.3,0.0,2.4,6.8
564,63021,MO,38.56,-90.53,3,217932,29,189,89.5,4.6,0.0,0.0,0.9,5.0
565,63026,MO,38.5,-90.46,1,700210,29,099,94.9,4.1,0.0,0.0,0.0,1.0
566,63073,MO,38.5,-90.7,1,221503,29,189,92.1,2.7,0.5,0.0,0.0,4.8
567,63110,MO,38.63,-90.27,1,112100,29,510,73.1,5.9,6.9,5.8,1.7,6.6
568,63116,MO,38.58,-90.27,1,115100,29,510,76.6,9.1,9.0,3.7,0.5,1.1
569,63119,MO,38.59,-90.32,1,219600,29,189,86.7,6.8,1.1,1.0,0.1,4.4
570,63124,MO,38.64,-90.38,1,217500,29,189,88.8,3.9,0.7,0.0,0.3,6.3
571,63129,MO,38.45,-90.33,2,220444,29,189,84.4,7.7,0.4,1.4,0.9,5.1
572,63130,MO,38.67,-90.32,1,215900,29,189,72.4,9.5,15.1,0.0,0.6,2.3
573,63303,MO,38.75,-90.54,2,311146,29,183,87.5,7.1,0.0,0.0,0.6,4.8
574,63366,MO,38.9,-90.7,2,311500,29,183,81.5,15.9,0.0,0.5,1.3,0.8
575,63368,MO,38.75,-90.73,2,311154,29,183,83.1,6.2,0.0,0.3,1.4,9.0
576,64014,MO,39.01,-94.25,1,014105,29,095,88.5,5.6,0.5,0.9,1.2,3.3
577,64048,MO,39.44,-94.35,1,021804,29,047,90.4,3.4,0.0,1.5,0.5,4.2
578,64111,MO,39.06,-94.59,6,016700,29,095,73.0,6.0,8.3,7.8,2.1,2.7
579,64113,MO,39.01,-94.59,4,008600,29,095,90.7,1.3,1.1,0.4,0.0,6.6
580,64114,MO,38.96,-94.6,1,009900,29,095,75.5,4.2,6.6,4.7,2.1,6.9
581,64137,MO,38.94,-94.54,1,010201,29,095,80.2,5.3,6.3,4.9,0.7,2.6
582,64151,MO,39.21,-94.63,4,030001,29,165,84.0,9.8,1.7,1.6,0.6,2.3
583,64154,MO,39.28,-94.63,1,030201,29,165,87.6,4.6,1.5,0.0,0.7,5.6
584,64157,MO,39.27,-94.47,1,021310,29,047,82.4,6.6,0.0,0.3,0.0,10.8
585,64505,MO,39.83,-94.84,1,010100,29,003,87.0,6.9,0.0,2.5,0.1,3.4
586,64804,MO,37.0,-94.5,1,020601,29,145,89.1,5.3,0.0,0.0,0.2,5.4
587,64836,MO,37.2,-94.3,2,012100,29,097,86.8,6.0,0.0,0.4,2.7,4.1
588,65202,MO,39.0,-92.3,9,001503,29,019,80.0,16.2,0.0,0.0,2.9,1.0
589,65584,MO,37.82,-92.11,2,470287,29,169,85.9,8.4,1.6,0.0,1.7,2.4
590,65612,MO,37.22,-93.56,1,004900,29,077,83.6,8.0,0.0,2.5,2.1,3.9
591,65669,MO,36.92,-93.31,3,020500,29,043,85.5,7.8,0.1,1.1,2.7,2.8
592,65757,MO,37.3,-93.1,2,004600,29,077,87.5,8.3,0.0,1.0,0.8,2.5
593,66053,KS,38.6,-94.7,1,100500,20,121,91.1,5.6,0.0,0.2,0.5,2.7
594,66062,KS,38.85,-94.78,1,053509,20,091,92.6,4.0,0.0,0.5,0.5,2.5
595,66086,KS,39.1,-95.1,1,071800,20,103,78.7,15.4,0.5,0.0,1.2,4.2
596,66213,KS,38.9,-94.7,1,053108,20,091,83.9,6.9,0.0,1.1,1.1,6.9
597,66220,KS,38.96,-94.82,1,052601,20,091,83.5,3.5,0.0,0.0,0.0,12.9
598,66224,KS,38.86,-94.63,1,053410,20,091,82.5,1.7,0.0,0.3,0.3,15.2
599,66762,KS,37.4,-94.8,1,956700,20,037,81.1,9.7,0.6,1.5,2.7,4.5
600,67026,KS,37.5,-97.5,1,009604,20,173,87.1,7.2,0.0,0.8,0.5,4.4
601,67207,KS,37.66,-97.23,1,007203,20,173,90.1,3.8,0.0,1.6,2.7,1.7
602,67530,KS,38.4,-98.8,1,971800,20,009,81.4,13.1,0.0,2.2,0.0,3.2
603,68008,NE,41.5,-96.2,1,050201,31,177,84.8,6.1,0.0,0.1,1.6,7.3
604,68117,NE,41.21,-96.0,1,007101,31,055,77.4,12.6,0.0,5.5,1.9,2.6
605,68128,NE,41.18,-96.07,1,010622,31,153,89.0,7.2,0.0,1.2,0.0,2.6
606,68164,NE,41.3,-96.11,1,007432,31,055,87.8,7.6,0.0,0.0,0.0,4.5
607,68354,NE,40.6,-97.6,1,091700,31,059,81.0,6.2,0.1,6.2,1.6,4.9
608,68503,NE,40.83,-96.67,1,000900,31,109,70.4,7.6,3.8,13.6,2.2,2.4
609,68516,NE,40.73,-96.64,1,003714,31,109,84.7,9.7,0.0,0.8,0.4,4.4
610,68521,NE,40.86,-96.71,1,003001,31,109,83.3,10.7,0.1,0.9,1.0,4.0
611,70001,LA,29.98,-90.16,2,022800,22,051,88.3,4.9,0.5,1.6,0.8,3.9
612,70005,LA,30.0,-90.13,2,022302,22,051,77.3,11.6,2.5,3.0,3.2,2.4
613,70119,LA,29.97,-90.09,1,005000,22,071,70.8,7.1,15.8,3.0,0.8,2.6
614,70121,LA,29.96,-90.16,1,024500,22,051,85.8,5.5,3.4,1.5,1.9,1.9
615,70448,LA,30.37,-90.04,1,041211,22,103,87.8,6.2,0.0,0.0,2.1,3.8
616,70506,LA,30.19,-92.08,1,001904,22,055,84.2,11.7,0.0,0.0,0.3,3.7
617,70508,LA,30.16,-92.03,1,001406,22,055,88.6,5.9,0.0,0.0,1.8,3.7
618,70806,LA,30.45,-91.12,1,001800,22,033,58.9,19.5,9.0,1.5,5.1,6.1
619,71241,LA,32.8,-92.3,1,960500,22,111,80.4,8.8,0.0,1.8,6.4,2.7
620,71270,LA,32.5,-92.6,5,960800,22,061,90.7,5.8,0.0,0.8,1.3,1.4
621,71655,AR,33.6,-91.8,1,490300,05,043,76.6,14.9,0.0,6.3,1.2,1.0
622,72137,AR,35.3,-92.0,1,070300,05,145,82.5,11.4,0.0,0.1,1.7,4.3
623,72401,AR,35.9,-90.6,2,001100,05,031,85.2,8.9,0.0,1.2,1.9,2.9
624,72687,AR,36.3,-92.7,4,960300,05,089,75.4,15.9,0.0,2.3,0.0,6.5
625,72704,AR,36.1,-94.3,1,010508,05,143,89.8,3.9,0.0,0.6,0.5,5.2
626,72901,AR,35.36,-94.41,4,001002,05,131,91.0,6.2,0.0,1.1,0.0,1.7
627,73012,OK,35.67,-97.59,1,108512,40,109,82.9,5.1,0.8,0.7,0.3,10.3
628,73072,OK,35.2,-97.5,1,201508,40,027,90.8,4.6,0.8,0.3,0.5,2.9
629,73103,OK,35.49,-97.52,1,101700,40,109,89.9,2.7,0.0,3.5,1.0,2.9
630,74006,OK,36.7,-95.9,9,000600,40,147,85.6,8.6,0.0,0.9,0.0,4.9
631,74008,OK,35.9,-95.8,1,030601,40,145,81.3,11.4,0.0,0.3,0.7,6.3
632,74011,OK,35.98,-95.82,1,007513,40,143,85.7,6.0,0.0,0.6,1.8,5.9
633,74133,OK,36.04,-95.88,2,007524,40,143,87.4,5.3,0.6,0.0,0.0,6.8
634,74464,OK,35.9,-95.0,1,978000,40,021,72.5,19.8,0.0,2.9,3.5,1.3
635,75022,TX,33.03,-97.12,1,021750,48,121,82.6,3.1,0.0,0.0,0.9,13.4
636,75024,TX,33.08,-96.81,4,031657,48,085,79.0,6.5,0.0,4.6,2.2,7.7
637,75025,TX,33.1,-96.73,2,031505,48,085,82.3,6.7,1.4,1.2,1.0,7.4
638,75035,TX,33.16,-96.77,1,030518,48,085,79.5,6.1,0.3,0.0,1.2,13.0
639,75048,TX,32.97,-96.58,1,018122,48,113,81.4,8.7,0.0,0.7,0.0,9.3
640,75069,TX,33.18,-96.59,2,030900,48,085,80.8,12.9,0.7,1.1,2.6,2.0
641,75070,TX,33.16,-96.72,2,030517,48,085,76.7,7.9,0.3,0.2,3.2,11.7
642,75093,TX,33.04,-96.81,1,031648,48,085,87.2,3.6,0.0,0.5,0.9,7.8
643,75154,TX,32.5,-96.8,1,060213,48,139,81.8,11.3,1.2,0.0,0.6,5.0
644,75204,TX,32.8,-96.79,1,001600,48,113,76.3,6.1,5.3,4.1,4.9,3.4
645,75214,TX,32.83,-96.74,1,008000,48,113,82.7,6.5,0.0,0.0,0.0,10.7
646,75220,TX,32.86,-96.87,4,007201,48,113,57.4,27.3,7.4,0.7,6.5,0.7
647,75234,TX,32.92,-96.9,4,014002,48,113,100.0,0.0,0.0,0.0,0.0,0.0
648,75438,TX,33.6,-96.09,1,950500,48,147,79.3,9.0,0.0,0.7,2.6,8.5
649,75946,TX,31.8,-94.5,1,950100,48,347,77.8,18.3,0.0,0.0,3.1,0.8
650,75965,TX,31.7,-94.6,1,950400,48,347,83.2,8.7,0.0,0.3,2.1,5.7
651,76016,TX,32.69,-97.19,1,121610,48,439,83.3,10.4,0.0,0.0,0.5,5.9
652,76034,TX,32.89,-97.14,2,113634,48,439,82.9,5.3,0.0,0.3,2.8,8.7
653,76049,TX,32.5,-97.7,1,160209,48,221,88.0,5.5,0.2,0.8,0.4,5.2
654,76052,TX,32.98,-97.39,2,114103,48,439,82.2,10.1,0.0,3.6,0.2,3.8
655,76092,TX,32.96,-97.15,1,113907,48,439,84.9,0.6,0.0,0.0,1.4,13.1
656,76109,TX,32.7,-97.39,1,105403,48,439,87.6,1.4,0.0,1.6,2.1,7.4
657,76112,TX,32.75,-97.23,1,106502,48,439,83.4,7.4,0.0,0.9,3.2,5.2
658,76180,TX,32.84,-97.22,2,113217,48,439,83.5,12.4,0.0,1.7,0.0,2.5
659,76182,TX,32.89,-97.21,1,113210,48,439,87.6,3.8,0.0,0.7,1.9,6.0
660,76209,TX,33.23,-97.11,2,020601,48,121,63.8,13.4,0.0,13.9,3.2,5.7
661,76244,TX,32.93,-97.28,2,113921,48,439,84.7,9.1,0.4,0.4,1.2,4.2
662,76302,TX,33.87,-98.47,4,011500,48,485,83.1,9.9,4.6,0.0,2.4,0.0
663,76522,TX,31.2,-98.0,1,950100,48,281,72.1,19.0,0.0,2.2,1.2,5.6
664,76935,TX,31.1,-100.4,1,001704,48,451,82.5,8.1,0.0,1.0,0.1,8.3
665,77009,TX,29.79,-95.37,1,210400,48,201,64.2,13.2,5.6,8.3,5.5,3.3
666,77019,TX,29.75,-95.41,2,410401,48,201,82.9,3.8,1.1,1.2,0.4,10.6
667,77024,TX,29.77,-95.5,4,430300,48,201,89.7,4.5,0.0,0.0,0.0,5.7
668,77043,TX,29.81,-95.58,1,543200,48,201,86.0,5.1,1.3,1.7,0.4,5.6
669,77094,TX,29.76,-95.69,1,454501,48,201,83.5,2.9,4.9,0.6,1.1,7.1
670,77339,TX,30.05,-95.22,1,251100,48,201,80.5,6.5,2.2,0.0,0.9,9.9
671,77380,TX,30.14,-95.47,1,691500,48,339,86.0,3.9,1.4,1.8,1.0,6.0
672,77381,TX,30.18,-95.5,3,691100,48,339,85.1,7.4,1.2,0.8,0.4,5.1
673,77382,TX,30.2,-95.54,1,690602,48,339,79.0,4.1,2.9,2.9,2.3,8.8
674,77449,TX,29.83,-95.73,1,542301,48,201,80.9,9.9,0.8,0.0,0.0,8.4
675,77479,TX,29.56,-95.64,1,674400,48,157,81.1,9.2,2.1,0.5,0.2,6.9
676,77494,TX,29.74,-95.84,1,673101,48,157,77.8,10.7,2.1,0.3,2.7,6.3
677,77578,TX,29.47,-95.37,1,661501,48,039,85.8,6.9,0.0,1.7,1.0,4.7
678,77581,TX,29.56,-95.28,1,660300,48,039,96.6,1.4,0.3,0.6,0.0,1.1
679,77598,TX,29.55,-95.14,1,341000,48,201,85.2,10.3,1.0,1.5,1.1,0.9
680,78009,TX,29.36,-98.89,1,000102,48,325,79.2,13.4,1.1,3.1,1.4,1.7
681,78028,TX,30.1,-99.2,3,960100,48,265,72.5,16.5,0.0,2.1,1.4,7.5
682,78114,TX,29.1,-98.2,1,000202,48,493,80.7,7.7,0.0,0.0,2.7,8.9
683,78201,TX,29.48,-98.53,1,180201,48,029,67.8,17.8,7.1,3.6,2.6,1.0
684,78230,TX,29.54,-98.56,1,181302,48,029,86.5,5.6,1.8,2.5,0.0,3.7
685,78247,TX,29.57,-98.41,1,121112,48,029,80.9,11.5,5.1,0.0,1.1,1.5
686,78259,TX,29.63,-98.41,1,121910,48,029,84.7,9.3,0.0,0.0,0.6,5.4
687,78260,TX,29.69,-98.52,1,191804,48,029,83.2,8.1,0.0,0.0,0.9,7.8
688,78550,TX,26.2,-97.7,1,010700,48,061,81.4,10.3,0.0,6.7,1.6,0.0
689,78613,TX,30.5,-97.82,2,020322,48,491,82.3,9.1,0.6,0.7,0.4,6.9
690,78628,TX,30.6,-97.8,1,020110,48,491,79.3,6.1,0.4,0.0,1.6,12.6
691,78633,TX,30.7,-97.8,1,020109,48,491,77.3,7.2,0.0,0.0,0.5,15.0
692,78660,TX,30.43,-97.6,1,001858,48,453,83.5,7.5,0.5,0.3,0.6,7.5
693,78702,TX,30.26,-97.71,1,000902,48,453,66.6,9.3,4.9,2.5,7.1,9.6
694,78704,TX,30.24,-97.75,1,002308,48,453,67.5,8.7,5.7,5.6,4.5,8.0
695,78717,TX,30.49,-97.77,1,020510,48,491,69.8,11.0,2.1,0.0,1.7,15.3
696,78727,TX,30.43,-97.72,2,001846,48,453,75.1,10.2,2.2,0.0,2.8,9.7
697,78731,TX,30.35,-97.77,2,001718,48,453,75.6,1.8,4.5,2.3,0.7,15.3
698,78749,TX,30.21,-97.86,1,001738,48,453,80.7,4.1,0.0,0.0,1.4,13.8
699,79119,TN,35.1,-102.0,1,021704,48,381,86.0,9.5,0.0,0.3,0.8,3.4
700,79416,TX,33.61,-101.97,2,010405,48,303,78.0,12.4,0.0,5.7,0.9,3.0
701,79553,TX,32.9,-99.9,9,020400,48,253,77.7,20.3,0.0,1.3,0.5,0.2
702,80002,CO,39.79,-105.1,2,010402,08,059,78.0,10.8,3.2,2.4,2.6,3.0
703,80003,CO,39.83,-105.06,3,010209,08,059,87.9,4.9,1.4,1.1,0.0,4.7
704,80007,CO,39.87,-105.22,2,060500,08,059,84.6,3.4,1.8,0.6,0.4,9.2
705,80010,CO,39.74,-104.86,1,007302,08,005,59.1,22.0,15.1,2.1,1.0,0.7
706,80011,CO,39.73,-104.79,1,007104,08,005,76.4,10.4,0.5,4.3,1.7,6.8
707,80013,CO,39.66,-104.77,3,083400,08,005,81.3,5.9,1.4,1.0,1.9,8.5
708,80014,CO,39.66,-104.85,1,080400,08,005,83.1,4.1,3.0,0.8,2.8,6.2
709,80015,CO,39.62,-104.78,5,085500,08,005,78.4,6.1,3.7,0.3,1.2,10.2
710,80016,CO,39.6,-104.74,3,085200,08,005,80.5,4.6,1.1,0.1,1.3,12.3
711,80017,CO,39.7,-104.78,1,082600,08,005,78.0,12.9,7.1,1.0,0.5,0.4
712,80020,CO,39.92,-105.08,3,030000,08,014,77.7,10.7,5.5,2.8,0.5,2.8
713,80021,CO,39.9,-105.12,6,060500,08,059,84.6,3.4,1.8,0.6,0.4,9.2
714,80022,CO,39.9,-104.8,1,008538,08,001,69.6,16.5,2.4,0.5,1.8,9.3
715,80026,CO,40.02,-105.1,6,012800,08,013,76.9,7.4,2.6,1.3,1.1,10.8
716,80027,CO,39.98,-105.13,4,013005,08,013,72.7,5.4,4.1,3.1,2.3,12.5
717,80030,CO,39.83,-105.03,5,009604,08,001,82.7,7.9,2.4,2.7,3.6,0.7
718,80031,CO,39.88,-105.04,3,009410,08,001,79.1,4.7,5.1,0.0,0.0,11.1
719,80108,CO,39.45,-104.85,1,014012,08,035,79.5,9.3,0.6,0.0,0.0,10.5
720,80110,CO,39.65,-105.01,1,006000,08,005,78.8,4.1,3.1,1.7,4.1,8.1
721,80111,CO,39.63,-104.87,5,006854,08,005,76.1,8.3,7.6,0.6,0.0,7.5
722,80112,CO,39.56,-104.87,3,014001,08,035,81.1,4.1,4.6,0.8,2.1,7.2
723,80120,CO,39.6,-105.01,3,006502,08,005,73.0,6.6,7.2,2.8,2.7,7.8
724,80121,CO,39.61,-104.96,1,005636,08,005,80.2,5.7,0.0,0.7,1.1,12.3
725,80122,CO,39.58,-104.96,2,005630,08,005,73.0,4.7,2.7,3.6,1.8,14.2
726,80124,CO,39.54,-104.88,2,014116,08,035,69.1,5.7,9.7,7.1,0.3,8.1
727,80127,CO,39.5,-105.1,2,012036,08,059,72.8,10.0,2.3,0.0,0.9,14.1
728,80128,CO,39.57,-105.08,1,012055,08,059,83.7,3.9,1.6,1.7,0.7,8.4
729,80129,CO,39.54,-105.01,3,014128,08,035,76.5,4.2,6.3,1.4,2.5,9.1
730,80202,CO,39.75,-105.0,5,001701,08,031,44.8,3.1,13.6,25.4,1.7,11.3
731,80203,CO,39.73,-104.98,1,002702,08,031,57.8,2.8,5.4,13.8,10.6,9.7
732,80204,CO,39.74,-105.02,1,000800,08,031,54.5,18.0,20.6,6.9,0.0,0.0
733,80206,CO,39.73,-104.95,1,003300,08,031,67.9,9.3,6.1,4.8,2.3,9.5
734,80207,CO,39.76,-104.92,1,004104,08,031,74.0,8.9,4.7,0.0,5.8,6.5
735,80209,CO,39.71,-104.98,13,002902,08,031,74.2,3.9,4.6,1.8,4.3,11.3
736,80210,CO,39.68,-104.96,5,003003,08,031,54.7,1.7,8.9,16.8,3.8,14.1
737,80212,CO,39.77,-105.05,3,000301,08,031,68.0,10.8,2.6,4.6,2.4,11.6
738,80214,CO,39.74,-105.07,1,011550,08,059,67.5,17.2,11.2,1.2,1.0,1.9
739,80216,CO,39.79,-104.95,1,003500,08,031,71.0,15.4,4.9,2.5,3.4,2.8
740,80218,CO,39.73,-104.97,1,003201,08,031,61.9,4.6,7.3,9.3,7.2,9.8
741,80219,CO,39.71,-105.03,1,004505,08,031,81.3,11.5,3.7,1.3,0.0,2.2
742,80220,CO,39.73,-104.91,1,004304,08,031,75.3,5.3,3.9,2.7,3.5,9.4
743,80221,CO,39.82,-105.01,3,009502,08,001,82.7,9.4,4.1,0.6,0.0,3.1
744,80222,CO,39.67,-104.93,4,015100,08,005,69.5,4.4,6.9,5.1,1.8,12.4
745,80224,CO,39.68,-104.91,1,087200,08,005,83.1,2.3,3.4,1.9,2.8,6.6
746,80226,CO,39.71,-105.09,1,011701,08,059,77.7,8.7,2.2,0.0,0.9,10.5
747,80228,CO,39.69,-105.15,2,011712,08,059,79.9,4.8,2.1,0.0,1.8,11.3
748,80230,CO,39.72,-104.89,1,004405,08,031,81.0,6.5,2.3,0.0,2.2,7.9
749,80231,CO,39.67,-104.89,2,087300,08,005,75.6,11.5,6.0,2.0,0.7,4.3
750,80234,CO,39.91,-105.01,2,009325,08,001,83.3,4.3,3.7,2.0,0.4,6.1
751,80235,CO,39.65,-105.09,1,015900,08,059,81.2,12.8,0.9,0.5,1.1,3.5
752,80237,CO,39.64,-104.91,1,006809,08,031,80.3,3.0,8.9,1.6,1.3,4.9
753,80238,CO,39.78,-104.88,2,004106,08,031,81.5,4.6,2.4,0.7,0.2,10.6
754,80301,CO,40.05,-105.21,6,012707,08,013,57.5,12.5,5.5,0.7,5.0,18.8
755,80302,CO,40.1,-105.4,2,013701,08,013,60.5,11.0,3.0,1.7,4.0,19.9
756,80303,CO,39.97,-105.22,6,060600,08,013,72.2,9.4,0.3,3.1,0.5,14.5
757,80304,CO,40.05,-105.29,5,012104,08,013,62.6,6.7,5.9,1.3,1.8,21.8
758,80305,CO,39.98,-105.26,3,012509,08,013,57.0,4.6,11.0,2.3,8.2,16.8
759,80401,CO,39.7,-105.2,7,009845,08,059,68.2,9.4,1.7,1.0,0.0,19.8
760,80403,CO,39.8,-105.3,1,009808,08,059,71.7,9.8,1.6,5.4,3.1,8.4
761,80433,CO,39.5,-105.3,2,012058,08,059,77.8,8.2,2.0,0.5,0.8,10.6
762,80439,CO,39.7,-105.4,6,014700,08,019,60.7,15.5,0.6,0.8,2.6,19.8
763,80443,CO,39.59,-106.09,2,000300,08,117,75.5,0.0,6.2,7.5,0.0,10.8
764,80482,CO,39.92,-105.79,2,000202,08,049,55.7,20.7,5.9,8.4,2.3,6.9
765,80501,CO,40.17,-105.09,1,013401,08,013,69.2,10.4,3.7,4.1,2.8,9.8
766,80503,CO,40.2,-105.2,8,013601,08,013,60.9,6.0,2.7,4.9,4.2,21.3
767,80516,CO,40.07,-105.02,3,002009,08,123,81.0,9.1,0.0,1.3,0.0,8.6
768,80521,CO,40.59,-105.13,7,000300,08,069,59.8,16.8,0.0,1.1,7.7,14.6
769,80524,CO,40.7,-105.0,2,002502,08,069,82.5,8.2,1.3,0.5,0.7,6.8
770,80525,CO,40.52,-105.02,6,001605,08,069,79.6,5.8,0.6,0.8,3.9,9.4
771,80526,CO,40.56,-105.13,6,001104,08,069,81.4,12.6,2.2,0.4,1.3,2.1
772,80528,CO,40.48,-105.0,6,001608,08,069,78.8,8.7,0.0,0.5,3.3,8.8
773,80530,CO,40.1,-104.92,1,002015,08,123,92.7,3.6,1.0,0.0,0.0,2.6
774,80535,CO,40.7,-105.2,1,002402,08,069,59.2,20.0,2.4,1.6,3.0,13.8
775,80537,CO,40.4,-105.2,1,001808,08,069,75.6,10.9,0.0,2.0,1.3,10.3
776,80538,CO,40.5,-105.2,6,002402,08,069,59.2,20.0,2.4,1.6,3.0,13.8
777,80545,CO,40.8,-105.6,1,002401,08,069,53.3,19.4,0.0,1.9,0.0,25.4
778,80550,CO,40.5,-104.9,1,002203,08,123,82.7,3.9,0.0,2.9,1.7,8.8
779,80602,CO,39.96,-104.91,2,008541,08,001,80.3,6.7,2.9,0.2,1.6,8.1
780,80631,CO,40.4,-104.7,3,000300,08,123,55.2,1.2,0.0,27.6,1.7,14.3
781,80634,CO,40.4,-104.8,1,001407,08,123,87.2,9.0,0.0,0.5,0.7,2.6
782,80759,CO,40.1,-102.6,1,963200,08,125,64.0,18.9,0.0,6.4,0.1,10.6
783,80817,CO,38.6,-104.7,6,004511,08,041,83.9,9.6,0.0,1.7,0.0,4.8
784,80831,CO,39.0,-104.5,1,003909,08,041,80.1,10.4,0.0,0.7,2.2,6.6
785,80903,CO,38.83,-104.81,1,002200,08,041,63.3,25.1,3.4,2.9,2.9,2.4
786,80906,CO,38.78,-104.85,1,003100,08,041,83.6,3.1,0.0,1.2,2.9,9.2
787,80907,CO,38.88,-104.82,4,000302,08,041,67.0,19.9,3.6,3.2,1.5,4.9
788,80910,CO,38.8,-104.78,2,005300,08,041,69.8,23.8,0.4,1.6,0.4,3.9
789,80917,CO,38.89,-104.75,1,005502,08,041,77.7,10.3,5.0,2.5,0.8,3.7
790,80918,CO,38.91,-104.78,2,004800,08,041,82.2,12.2,1.0,0.7,0.8,3.1
791,80919,CO,38.93,-104.9,1,003701,08,041,71.4,11.3,0.4,2.3,2.9,11.8
792,80920,CO,38.96,-104.77,1,007000,08,041,83.1,8.6,0.0,0.4,1.7,6.2
793,80922,CO,38.89,-104.7,3,005109,08,041,89.3,4.6,0.0,0.0,0.4,5.7
794,80924,CO,38.96,-104.73,1,007101,08,041,84.6,7.9,0.0,0.4,0.9,6.2
795,80925,CO,38.8,-104.6,1,004603,08,041,82.7,9.5,0.0,0.0,0.5,7.2
796,81004,CO,38.1,-104.7,1,002804,08,101,68.7,18.6,0.0,3.3,0.5,8.9
797,81050,CO,38.0,-103.5,1,968300,08,089,78.8,11.5,0.0,2.6,0.7,6.4
798,81122,CO,37.4,-107.6,1,970600,08,067,81.2,9.6,0.0,3.5,1.3,4.3
799,81137,CO,37.1,-107.6,1,940300,08,067,83.8,8.2,0.3,1.9,0.5,5.2
800,81147,CO,37.2,-107.0,9,974300,08,007,77.0,13.3,0.0,3.6,0.0,6.1
801,81201,CO,38.6,-106.1,3,000300,08,015,76.6,9.7,0.5,1.8,0.7,10.7
802,81225,CO,38.9,-106.9,1,963800,08,051,46.3,9.0,4.9,23.2,12.0,4.6
803,81301,CO,37.4,-107.8,12,970704,08,067,67.4,15.6,0.0,4.6,0.6,11.7
804,81303,CO,37.2,-107.9,4,940400,08,067,75.6,12.9,0.0,2.0,0.9,8.6
805,81321,CO,37.3,-108.7,8,941100,08,083,87.3,3.9,1.4,4.7,1.6,1.0
806,81323,CO,37.5,-108.3,1,969000,08,083,78.2,7.9,0.0,5.2,0.7,8.0
807,81328,CO,37.3,-108.3,12,969100,08,083,64.0,14.2,0.1,5.9,1.6,14.2
808,81403,CO,38.4,-107.9,1,966602,08,085,87.1,7.4,0.2,0.9,0.5,4.1
809,81410,CO,38.8,-107.95,1,964700,08,029,76.3,10.7,0.5,0.7,0.9,10.9
810,81428,CO,38.9,-107.6,1,964600,08,029,59.3,13.2,0.0,9.2,1.2,17.1
811,81432,CO,38.1,-107.7,1,967600,08,091,63.7,14.7,0.0,6.6,2.1,13.0
812,81435,CO,38.0,-108.2,4,968200,08,113,69.4,11.7,2.2,6.0,0.0,10.8
813,81503,CO,39.02,-108.5,4,001900,08,077,86.0,7.0,0.0,0.1,2.0,4.9
814,81505,CO,39.2,-108.5,1,001600,08,077,85.5,2.9,0.0,0.7,0.2,10.6
815,81506,CO,39.12,-108.54,1,001600,08,077,85.5,2.9,0.0,0.7,0.2,10.6
816,81507,CO,39.0,-108.6,6,001900,08,077,86.0,7.0,0.0,0.1,2.0,4.9
817,81612,CO,39.1,-106.8,2,000500,08,097,60.4,4.4,12.6,7.7,5.4,9.6
818,81620,CO,39.63,-106.52,1,000503,08,037,69.8,11.3,6.9,5.3,0.6,6.0
819,81621,CO,39.4,-106.9,1,000302,08,037,67.4,4.5,10.8,3.0,1.6,12.7
820,81623,CO,39.2,-107.2,9,000100,08,097,67.5,4.5,7.4,9.8,0.0,10.8
821,81631,CO,39.66,-106.82,1,000403,08,037,71.0,12.1,0.4,0.0,1.4,15.2
822,82009,WY,41.4,-104.8,3,001901,56,021,86.1,8.7,0.0,0.3,0.4,4.5
823,82070,WY,41.4,-105.8,1,962700,56,001,79.8,10.3,0.0,0.6,0.5,8.8
824,82501,WY,43.2,-108.6,1,940201,56,013,68.5,13.9,0.6,4.2,2.2,10.6
825,82601,WY,43.1,-106.4,1,001401,56,025,87.8,4.9,0.3,0.7,0.4,5.9
826,83101,WY,41.9,-110.3,1,978200,56,023,70.8,9.3,1.3,8.0,3.1,7.5
827,83204,ID,42.8,-112.5,9,981800,16,005,91.2,6.3,0.0,0.0,0.0,2.5
828,83221,ID,43.3,-112.4,2,950300,16,011,77.5,11.6,0.4,1.8,0.7,8.0
829,83350,ID,42.8,-113.6,1,970300,16,067,85.7,7.9,0.0,1.6,0.1,4.8
830,83440,ID,43.8,-111.7,1,950400,16,065,60.7,8.4,0.1,16.9,6.2,7.7
831,83815,ID,47.73,-116.79,1,000700,16,055,93.0,2.7,0.0,1.7,1.1,1.5
832,83843,ID,46.7,-116.9,2,005300,16,057,62.8,14.8,0.9,12.8,4.4,4.3
833,84003,UT,40.4,-111.79,1,010700,49,049,74.9,12.1,1.5,0.6,0.5,10.4
834,84010,UT,40.89,-111.82,6,126402,49,011,83.1,3.6,1.5,0.0,0.8,10.9
835,84014,UT,40.95,-111.84,1,126303,49,011,75.4,4.2,4.5,2.7,1.4,11.9
836,84015,UT,41.11,-112.06,1,125501,49,011,82.9,9.4,2.1,0.9,2.7,2.0
837,84027,UT,40.2,-110.8,1,940300,49,013,78.8,9.7,1.1,0.7,1.3,8.3
838,84041,UT,41.05,-112.0,1,126002,49,011,80.4,6.8,3.2,0.7,1.0,7.9
839,84043,UT,40.39,-111.85,1,000103,49,049,79.4,13.0,2.2,0.9,1.0,3.6
840,84047,UT,40.61,-111.89,2,112503,49,035,83.2,10.1,0.9,1.4,0.2,4.1
841,84062,UT,40.39,-111.74,1,010215,49,049,81.2,5.7,0.6,2.2,1.4,9.0
842,84081,UT,40.6,-112.04,1,114300,49,035,77.9,12.1,1.9,0.9,1.6,5.6
843,84088,UT,40.6,-111.96,2,112917,49,035,78.7,8.7,8.9,0.5,0.0,3.1
844,84092,UT,40.6,-111.7,2,110102,49,035,72.6,4.0,1.7,4.7,1.2,15.8
845,84094,UT,40.57,-111.86,1,112604,49,035,78.4,11.4,1.7,0.9,1.1,6.5
846,84095,UT,40.56,-111.98,2,113020,49,035,70.4,9.8,4.5,3.9,2.1,9.3
847,84098,UT,40.7,-111.5,1,964308,49,043,65.0,5.0,2.4,3.6,4.0,19.9
848,84103,UT,40.8,-111.85,6,114800,49,035,70.7,13.4,4.6,3.7,2.0,5.6
849,84108,UT,40.8,-111.7,2,110103,49,035,77.6,10.3,1.0,2.3,5.2,3.6
850,84109,UT,40.72,-111.76,1,110103,49,035,77.6,10.3,1.0,2.3,5.2,3.6
851,84123,UT,40.66,-111.92,2,113515,49,035,83.0,10.3,3.6,0.0,0.0,3.0
852,84310,UT,41.3,-111.9,1,210100,49,057,78.3,7.8,0.0,0.6,1.3,12.0
853,84333,UT,41.91,-111.79,5,000101,49,005,69.4,18.6,1.7,2.3,1.4,6.6
854,84403,UT,41.19,-111.9,3,210100,49,057,78.3,7.8,0.0,0.6,1.3,12.0
855,84404,UT,41.2,-112.2,1,210403,49,057,80.0,6.8,0.0,1.0,0.3,11.8
856,84532,UT,38.6,-109.4,2,000300,49,019,71.3,14.3,0.1,3.6,3.8,6.9
857,84535,UT,37.9,-109.5,2,978100,49,037,80.4,1.7,0.0,3.4,0.3,14.2
858,84604,UT,40.3,-111.5,1,010900,49,049,67.9,23.0,0.9,1.3,0.0,6.9
859,84663,UT,40.18,-111.58,1,003002,49,049,78.2,9.2,1.4,0.0,3.6,7.6
860,84664,UT,40.11,-111.58,1,010305,49,049,78.1,10.1,0.5,1.0,0.0,10.4
861,84741,UT,37.0,-112.0,1,002000,04,005,56.2,14.5,0.0,10.9,0.0,18.5
862,84767,UT,37.18,-113.0,1,270100,49,053,66.7,10.9,0.0,2.7,1.5,18.2
863,84775,UT,38.3,-111.5,1,979100,49,055,75.9,12.3,0.0,5.6,0.6,5.7
864,84790,UT,37.1,-113.7,6,270300,49,053,74.7,10.6,0.7,8.7,0.4,4.8
865,85006,AZ,33.47,-112.05,1,111700,04,013,73.5,13.0,2.0,0.6,4.9,6.0
866,85015,AZ,33.51,-112.1,1,107300,04,013,70.0,19.5,5.6,1.0,1.3,2.6
867,85020,AZ,33.57,-112.05,1,104702,04,013,74.0,11.3,2.8,3.9,3.3,4.6
868,85021,AZ,33.56,-112.1,1,105503,04,013,77.7,7.9,8.0,4.6,0.9,1.0
869,85022,AZ,33.62,-112.05,1,103611,04,013,84.7,4.7,0.4,0.0,1.8,8.3
870,85027,AZ,33.68,-112.1,1,614700,04,013,72.5,10.7,1.4,4.6,5.6,5.2
871,85041,AZ,33.38,-112.12,1,116612,04,013,67.6,23.5,2.4,0.4,1.7,4.4
872,85050,AZ,33.69,-112.0,2,615000,04,013,76.0,9.3,0.3,1.1,1.7,11.6
873,85087,AZ,33.9,-112.0,1,610700,04,013,80.1,6.9,1.9,0.0,1.3,9.8
874,85140,AZ,33.3,-111.5,1,000207,04,021,79.6,6.6,0.0,1.4,4.3,8.2
875,85142,AZ,33.2,-111.6,1,000209,04,021,79.1,16.8,0.0,1.4,0.9,1.9
876,85226,AZ,33.27,-111.99,2,941100,04,013,-666666666.0,-666666666.0,-666666666.0,-666666666.0,-666666666.0,-666666666.0
877,85248,AZ,33.23,-111.9,3,941100,04,013,-666666666.0,-666666666.0,-666666666.0,-666666666.0,-666666666.0,-666666666.0
878,85258,AZ,33.56,-111.88,1,941300,04,013,73.0,15.0,1.1,0.0,4.9,6.0
879,85259,AZ,33.6,-111.81,2,216849,04,013,79.1,3.8,0.0,0.0,3.9,13.2
880,85308,AZ,33.67,-112.19,2,614200,04,013,85.3,7.7,1.1,0.6,0.3,5.0
881,85365,AZ,32.8,-114.5,1,010914,04,027,68.9,2.9,0.0,19.4,0.0,8.8
882,85381,AZ,33.61,-112.23,2,071512,04,013,88.7,5.0,0.0,0.0,0.0,6.3
883,85382,AZ,33.65,-112.25,1,617600,04,013,85.9,6.9,0.0,0.0,1.7,5.5
884,85545,AZ,33.7,-111.0,2,000700,04,007,81.2,6.3,0.0,3.2,0.0,9.3
885,85615,AZ,31.4,-110.2,1,002100,04,003,81.8,11.8,0.0,1.6,3.6,1.2
886,85623,AZ,32.7,-110.9,1,000802,04,021,84.1,10.2,0.3,0.0,0.4,5.1
887,85637,AZ,31.66,-110.67,1,966000,04,023,67.1,5.4,0.0,8.8,3.8,14.9
888,85718,AZ,32.34,-110.91,3,004714,04,019,78.4,8.9,1.9,2.1,1.3,7.4
889,85739,AZ,32.5,-110.8,1,004716,04,019,87.3,6.4,0.0,0.8,0.0,5.5
890,85745,AZ,32.24,-111.07,1,004428,04,019,72.4,8.7,0.7,0.7,3.3,14.1
891,85748,AZ,32.21,-110.73,1,004061,04,019,76.8,11.0,0.0,3.2,1.4,7.6
892,85935,AZ,34.13,-109.91,1,964900,04,017,72.5,20.2,0.0,0.0,0.0,7.4
893,86001,AZ,35.2,-111.8,2,002200,04,005,74.8,16.3,0.8,1.0,1.2,5.9
894,86017,AZ,34.945,-111.646,1,001500,04,005,77.6,5.5,0.1,1.8,6.9,8.2
895,86303,AZ,34.5,-112.4,2,000700,04,025,74.3,15.7,0.0,2.7,0.5,6.8
896,86334,AZ,35.1,-112.8,1,002100,04,025,57.3,31.0,0.0,6.8,3.5,1.5
897,86336,AZ,34.9,-111.9,1,001802,04,025,64.2,5.5,0.0,9.1,2.9,18.3
898,86406,AZ,34.6,-113.8,1,954800,04,015,76.5,9.0,0.0,4.2,2.4,7.9
899,87048,NM,35.24,-106.62,17,010602,35,043,75.1,10.6,1.7,0.5,0.9,11.1
900,87059,NM,35.0,-106.4,1,003807,35,001,73.9,12.7,0.0,0.2,0.0,13.3
901,87104,NM,35.1,-106.67,1,002500,35,001,79.6,9.9,1.8,0.0,3.6,5.1
902,87109,NM,35.15,-106.57,1,003724,35,001,82.4,6.2,0.0,0.0,5.1,6.2
903,87114,NM,35.19,-106.68,1,004752,35,001,81.0,2.7,0.5,2.7,4.3,8.8
904,87120,NM,35.1,-106.8,3,940600,35,001,78.0,12.2,0.9,0.6,3.4,4.9
905,87122,NM,35.2,-106.5,1,940500,35,001,73.9,11.6,0.0,0.0,1.7,12.7
906,87301,NM,35.4,-108.6,2,973100,35,031,72.5,6.8,0.0,0.0,4.2,16.5
907,87313,NM,35.7,-107.9,1,943500,35,031,73.5,7.4,0.3,4.7,3.8,10.2
908,87410,NM,36.9,-108.0,2,000611,35,045,82.3,10.5,0.0,0.5,1.0,5.6
909,87416,NM,36.77,-108.42,2,000504,35,045,79.1,17.1,0.0,0.5,0.5,2.7
910,87420,NM,36.8,-108.7,1,942802,35,045,86.3,6.3,0.0,2.0,0.5,4.9
911,87506,NM,35.8,-106.0,1,940400,35,049,80.6,2.7,0.6,0.7,0.0,15.4
912,87507,NM,35.6,-106.1,1,010304,35,049,71.1,17.7,0.9,0.9,0.0,9.4
913,87508,NM,35.5,-105.9,1,010700,35,049,71.4,9.1,1.7,1.2,2.8,13.9
914,87544,NM,35.9,-106.3,1,000100,35,028,78.2,10.2,4.8,0.6,3.9,2.3
915,87901,NM,33.1,-106.8,4,962401,35,051,95.5,1.4,0.0,0.0,0.9,2.2
916,88011,NM,32.3,-106.7,4,001204,35,013,81.2,8.1,2.2,0.4,1.8,6.4
917,88220,NM,32.4,-104.3,1,000401,35,015,80.5,16.0,0.5,0.6,1.2,1.3
918,88401,NM,35.0,-103.8,1,958900,35,037,74.5,15.9,0.0,2.3,1.2,6.1
919,89021,NV,36.61,-114.49,1,005613,32,003,78.2,14.8,0.0,1.6,1.7,3.6
920,89044,NV,35.7,-115.1,17,005703,32,003,34.7,0.0,0.2,57.6,0.0,7.5
921,89113,NV,36.06,-115.26,1,002976,32,003,82.6,8.4,0.0,1.6,4.1,3.3
922,89123,NV,36.04,-115.15,4,002829,32,003,81.1,9.6,1.2,0.0,2.2,5.8
923,89129,NV,36.23,-115.3,1,003240,32,003,81.2,8.9,0.0,0.5,5.5,3.9
924,89148,NV,36.06,-115.3,1,005840,32,003,86.7,8.4,0.3,0.0,0.3,4.3
925,89149,NV,36.28,-115.29,4,003232,32,003,84.2,7.4,0.0,0.4,2.2,5.7
926,89178,NV,35.9,-115.5,1,005827,32,003,88.1,8.7,0.4,0.0,0.9,2.0
927,89502,NV,39.5,-119.75,1,002103,32,031,84.6,6.9,0.0,1.3,1.6,5.6
928,89509,NV,39.5,-119.83,1,001104,32,031,79.8,8.7,0.0,1.6,1.3,8.6
929,90004,CA,34.08,-118.31,5,192420,06,037,78.0,6.1,12.5,1.8,0.0,1.6
930,90034,CA,34.03,-118.4,1,269800,06,037,80.6,2.5,6.0,0.3,5.2,5.4
931,90275,CA,33.76,-118.36,2,670500,06,037,76.7,7.9,0.6,2.0,0.7,12.1
932,90277,CA,33.83,-118.39,2,621324,06,037,77.4,3.9,4.7,0.0,6.2,7.8
933,90303,CA,33.93,-118.33,1,600502,06,037,78.6,8.9,11.2,0.0,0.0,1.3
934,90403,CA,34.03,-118.49,3,701501,06,037,78.6,2.3,7.8,2.9,2.5,6.0
935,90405,CA,34.01,-118.47,1,702202,06,037,73.6,3.5,1.2,3.5,6.0,12.2
936,90501,CA,33.83,-118.31,1,650901,06,037,73.3,11.1,7.7,3.8,1.9,2.3
937,90504,CA,33.87,-118.33,1,650102,06,037,78.5,15.8,0.4,1.1,1.5,2.8
938,90660,CA,33.99,-118.08,2,500900,06,037,85.6,7.0,2.8,1.3,0.9,2.5
939,90814,CA,33.77,-118.14,1,577603,06,037,81.0,2.4,2.5,1.9,1.2,11.0
940,91001,CA,34.22,-118.13,1,930101,06,037,78.1,0.0,0.0,21.9,0.0,0.0
941,91030,CA,34.11,-118.16,1,480703,06,037,74.4,7.3,3.7,1.8,1.7,11.1
942,91320,CA,34.19,-118.94,1,006100,06,111,75.3,9.2,2.6,7.7,1.9,3.3
943,91326,CA,34.29,-118.56,1,108201,06,037,80.2,10.6,1.3,1.6,0.0,6.4
944,91343,CA,34.24,-118.48,1,117202,06,037,81.0,8.7,2.7,0.0,2.6,5.0
945,91355,CA,34.42,-118.61,1,920339,06,037,78.5,9.9,4.1,0.0,2.5,4.9
946,91360,CA,34.21,-118.88,1,006600,06,111,80.2,5.1,0.4,2.2,1.3,10.8
947,91367,CA,34.17,-118.62,2,137201,06,037,71.3,7.1,1.9,10.3,1.1,8.4
948,91401,CA,34.18,-118.43,2,123602,06,037,64.6,13.8,6.6,1.4,1.5,12.2
949,91423,CA,34.15,-118.43,1,141101,06,037,82.6,7.5,4.5,1.2,0.0,4.3
950,91505,CA,34.18,-118.35,1,311100,06,037,78.0,4.9,9.6,0.3,1.8,5.4
951,91604,CA,34.14,-118.39,1,143800,06,037,78.8,4.2,7.1,1.0,2.3,6.6
952,91606,CA,34.19,-118.39,4,123901,06,037,65.2,8.9,13.6,1.9,2.6,7.8
953,91709,CA,33.95,-117.73,1,000116,06,071,85.1,7.1,2.0,0.0,0.2,5.5
954,91740,CA,34.12,-117.85,1,401101,06,037,79.1,10.6,1.9,0.0,5.2,3.2
955,91786,CA,34.1,-117.66,2,000824,06,071,78.1,13.8,3.1,0.0,1.3,3.7
956,91790,CA,34.07,-117.94,2,406702,06,037,72.0,15.6,4.3,1.7,2.0,4.4
957,91911,CA,32.6,-117.04,1,013306,06,073,73.8,17.9,3.9,0.0,2.0,2.4
958,92009,CA,33.1,-117.25,1,020014,06,073,79.1,2.5,1.5,0.4,2.1,14.4
959,92056,CA,33.2,-117.29,1,018516,06,073,85.6,3.7,0.4,0.4,2.4,7.6
960,92057,CA,33.25,-117.29,2,018612,06,073,81.2,9.5,3.2,1.4,2.5,2.2
961,92065,CA,33.0,-116.8,1,020811,06,073,82.5,7.6,0.0,0.2,1.0,8.7
962,92071,CA,32.86,-116.99,1,016612,06,073,80.9,10.9,0.6,0.3,1.5,5.8
963,92078,CA,33.12,-117.18,1,020027,06,073,83.2,4.2,0.0,0.9,2.4,9.3
964,92081,CA,33.16,-117.25,3,019806,06,073,77.7,6.0,0.8,3.0,0.9,11.6
965,92084,CA,33.22,-117.21,1,019207,06,073,83.5,6.6,2.9,0.9,0.7,5.5
966,92101,CA,32.72,-117.18,1,009902,06,073,-666666666.0,-666666666.0,-666666666.0,-666666666.0,-666666666.0,-666666666.0
967,92104,CA,32.74,-117.13,2,004300,06,073,82.8,3.1,0.8,1.9,2.6,8.7
968,92106,CA,32.73,-117.23,2,007002,06,073,67.0,11.6,0.0,0.0,5.1,16.3
969,92107,CA,32.74,-117.24,2,007400,06,073,80.6,4.3,1.6,1.3,4.3,7.8
970,92108,CA,32.77,-117.15,2,009304,06,073,77.0,6.3,7.6,1.7,1.8,5.6
971,92109,CA,32.8,-117.24,1,007903,06,073,82.5,0.9,5.1,3.4,3.7,4.4
972,92122,CA,32.86,-117.2,1,008344,06,073,74.3,8.0,2.6,0.0,1.3,13.8
973,92126,CA,32.91,-117.14,1,008358,06,073,72.8,14.5,2.9,1.9,3.0,4.8
974,92127,CA,33.02,-117.14,1,017030,06,073,80.7,7.7,0.9,1.0,1.6,8.1
975,92130,CA,32.95,-117.2,2,021500,06,073,84.0,2.4,0.4,0.4,1.0,11.7
976,92253,CA,33.67,-116.28,10,045125,06,065,69.0,7.1,0.0,1.7,4.3,17.9
977,92262,CA,33.86,-116.58,2,044606,06,065,59.1,9.7,5.2,5.6,0.6,19.7
978,92264,CA,33.7,-116.5,1,044807,06,065,80.3,1.7,0.0,3.0,0.8,14.2
979,92307,CA,34.6,-117.1,3,012104,06,071,84.5,5.3,2.4,0.0,0.0,7.8
980,92373,CA,34.0,-117.1,1,043823,06,065,84.0,8.8,0.8,0.2,1.9,4.4
981,92503,CA,33.9,-117.45,1,031702,06,065,78.7,9.1,0.1,0.0,4.4,7.7
982,92507,CA,33.97,-117.33,1,042206,06,065,83.1,7.3,0.9,2.4,3.7,2.6
983,92592,CA,33.5,-117.0,1,043239,06,065,80.8,4.2,0.0,2.8,3.7,8.5
984,92618,CA,33.67,-117.74,1,052404,06,059,95.0,0.0,0.0,0.0,0.0,5.0
985,92626,CA,33.68,-117.9,1,063903,06,059,77.8,9.3,3.2,2.0,6.0,1.8
986,92627,CA,33.65,-117.92,1,063702,06,059,69.9,17.7,3.0,3.7,5.1,0.5
987,92629,CA,33.48,-117.71,1,042338,06,059,80.8,5.1,0.0,1.2,1.3,11.5
988,92656,CA,33.56,-117.73,6,062639,06,059,76.7,10.1,0.0,1.6,0.0,11.5
989,92672,CA,33.3,-117.5,1,990100,06,073,-666666666.0,-666666666.0,-666666666.0,-666666666.0,-666666666.0,-666666666.0
990,92677,CA,33.53,-117.71,4,042319,06,059,79.5,7.4,0.0,0.8,1.0,11.4
991,92679,CA,33.6,-117.5,1,032041,06,059,65.2,9.5,0.0,8.7,0.0,16.6
992,92691,CA,33.61,-117.67,5,032002,06,059,82.2,6.8,0.6,0.5,1.6,8.4
993,92692,CA,33.6,-117.65,1,032020,06,059,82.1,5.5,2.1,1.0,1.2,8.1
994,92705,CA,33.74,-117.81,1,075506,06,059,80.6,12.6,0.5,0.0,2.7,3.5
995,92821,CA,33.93,-117.89,1,001506,06,059,82.1,9.6,0.3,1.5,0.7,5.7
996,92860,CA,33.93,-117.55,1,040812,06,065,76.9,8.8,1.5,2.3,1.6,8.9
997,92870,CA,33.88,-117.85,1,011715,06,059,86.3,8.6,0.6,0.7,0.9,2.8
998,93012,CA,34.2,-119.0,2,005600,06,111,80.7,9.9,2.2,1.1,1.9,4.2
999,93103,CA,34.43,-119.68,1,000801,06,083,63.7,17.9,5.6,2.6,4.7,5.4
1000,93309,CA,35.35,-119.06,1,002812,06,029,80.1,15.6,1.1,0.6,2.0,0.6
1001,93401,CA,35.2,-120.6,1,012302,06,079,70.0,4.8,0.7,1.0,0.8,22.8
1002,93422,CA,35.5,-120.7,1,012704,06,079,82.3,8.6,1.5,0.7,0.8,6.1
1003,93436,CA,34.6,-120.4,1,003102,06,083,74.6,18.1,0.0,1.1,0.0,6.2
1004,93453,CA,35.3,-120.1,2,012702,06,079,74.2,11.6,0.1,2.4,4.1,7.5
1005,93455,CA,34.8,-120.4,2,002006,06,083,71.4,10.6,9.9,1.1,0.7,6.2
1006,93514,CA,37.5,-118.3,1,000101,06,051,64.5,18.9,1.8,4.6,0.0,10.2
1007,93536,CA,34.7,-118.5,1,920102,06,037,77.8,8.9,0.4,3.9,0.5,8.4
1008,93550,CA,34.5,-118.1,1,910812,06,037,67.2,8.0,0.0,0.0,0.0,24.8
1009,93555,CA,35.6,-117.7,1,005403,06,029,80.3,10.7,0.0,1.1,4.3,3.6
1010,93619,CA,36.9,-119.6,1,006405,06,019,73.8,13.1,0.0,1.4,1.4,10.3
1011,93638,CA,37.0,-120.0,1,000507,06,039,83.7,12.2,0.0,0.1,1.8,2.3
1012,93933,CA,36.68,-121.79,1,014202,06,053,76.0,9.4,3.0,2.5,3.1,6.0
1013,94010,CA,37.57,-122.37,1,605600,06,081,70.6,10.8,5.6,0.4,0.5,12.0
1014,94024,CA,37.36,-122.09,2,510001,06,085,78.6,8.9,2.5,1.1,2.3,6.7
1015,94025,CA,37.46,-122.18,1,612500,06,081,60.5,6.0,7.6,3.9,9.7,12.3
1016,94030,CA,37.61,-122.4,1,604400,06,081,65.4,11.9,14.0,2.8,3.9,2.1
1017,94040,CA,37.38,-122.09,1,509801,06,085,77.3,2.9,8.5,1.7,5.3,4.3
1018,94061,CA,37.46,-122.24,1,611100,06,081,77.0,5.5,1.7,3.0,2.5,10.3
1019,94065,CA,37.53,-122.23,4,610302,06,081,78.0,12.2,3.8,3.4,1.7,0.8
1020,94085,CA,37.39,-122.02,2,509000,06,085,71.7,14.5,7.8,0.7,3.8,1.6
1021,94089,CA,37.4,-122.0,1,504805,06,085,79.4,8.6,3.0,3.3,2.2,3.5
1022,94107,CA,37.77,-122.39,1,060700,06,075,17.7,8.7,38.6,21.9,7.9,5.3
1023,94110,CA,37.75,-122.42,3,020900,06,075,22.7,2.2,49.6,9.8,12.0,3.8
1024,94114,CA,37.76,-122.44,1,020401,06,075,39.2,3.8,35.6,3.1,5.5,12.8
1025,94115,CA,37.79,-122.44,1,013400,06,075,38.2,3.1,25.1,12.5,10.3,10.8
1026,94117,CA,37.77,-122.44,4,016700,06,075,26.7,3.4,37.7,8.6,14.7,8.9
1027,94118,CA,37.78,-122.46,2,045100,06,075,33.6,4.3,40.7,7.4,8.5,5.6
1028,94131,CA,37.75,-122.44,2,021300,06,075,39.5,5.6,37.4,0.6,1.8,15.2
1029,94158,CA,37.77,-122.391,4,060700,06,075,17.7,8.7,38.6,21.9,7.9,5.3
1030,94304,CA,37.42,-122.16,2,511500,06,085,46.6,5.5,4.7,15.2,19.0,9.0
1031,94526,CA,37.81,-121.99,1,345105,06,013,74.8,9.3,3.2,1.4,0.0,11.3
1032,94541,CA,37.67,-122.11,2,436200,06,001,70.9,14.3,5.2,2.5,2.9,4.2
1033,94549,CA,37.9,-122.12,2,348000,06,013,66.4,4.1,11.9,1.1,1.1,15.5
1034,94558,CA,38.5,-122.3,2,201700,06,055,60.2,9.5,0.3,17.3,1.1,11.7
1035,94559,CA,38.2,-122.3,1,201005,06,055,77.6,17.3,4.3,0.0,0.0,0.7
1036,94566,CA,37.65,-121.86,1,450701,06,001,74.8,8.3,3.2,0.0,3.4,10.3
1037,94580,CA,37.68,-122.14,1,435900,06,001,66.2,13.8,9.3,0.1,4.8,5.7
1038,94582,CA,37.76,-121.92,1,345112,06,013,75.8,4.0,8.2,0.0,2.3,9.8
1039,94587,CA,37.6,-122.0,1,440100,06,001,67.0,22.0,3.8,2.3,0.4,4.4
1040,94588,CA,37.7,-121.9,1,450743,06,001,65.4,4.6,15.6,8.0,1.9,4.4
1041,94590,CA,38.1,-122.25,1,251000,06,095,66.3,21.6,5.3,0.6,0.0,6.3
1042,94598,CA,37.91,-122.05,1,338204,06,013,59.9,3.1,21.6,4.9,2.3,8.2
1043,94610,CA,37.81,-122.24,2,405100,06,001,52.9,10.7,13.5,2.9,5.4,14.6
1044,94618,CA,37.85,-122.24,3,404300,06,001,46.6,5.2,20.3,1.7,5.3,20.9
1045,94703,CA,37.87,-122.27,1,422900,06,001,15.8,5.1,20.5,39.2,10.0,9.4
1046,94707,CA,37.9,-122.28,4,421200,06,001,51.7,3.8,18.8,3.0,7.9,14.9
1047,94939,CA,37.94,-122.53,1,120000,06,041,65.5,8.3,10.8,3.4,1.7,10.4
1048,94941,CA,37.9,-122.57,1,131100,06,041,50.8,7.0,5.5,17.0,6.8,12.8
1049,94945,CA,38.13,-122.56,1,101100,06,041,64.3,6.7,10.5,1.1,1.1,16.3
1050,95014,CA,37.3,-122.07,4,507702,06,085,77.3,12.0,5.2,0.8,2.7,2.0
1051,95032,CA,37.21,-121.92,1,507002,06,085,83.4,4.5,1.4,0.9,2.8,7.0
1052,95060,CA,37.0,-122.1,1,120200,06,087,65.8,12.3,2.2,7.1,1.2,11.5
1053,95062,CA,36.97,-121.99,1,121403,06,087,77.5,5.1,2.3,0.8,7.3,7.0
1054,95064,CA,36.99,-122.06,1,100400,06,087,18.4,2.9,14.1,53.0,6.7,5.0
1055,95066,CA,37.07,-122.01,1,120900,06,087,79.5,7.4,2.0,3.3,1.9,5.9
1056,95073,CA,37.03,-121.93,1,122001,06,087,75.8,7.8,3.3,1.9,3.5,7.7
1057,95125,CA,37.31,-121.9,3,501800,06,085,70.6,10.8,4.2,1.9,6.6,5.8
1058,95128,CA,37.32,-121.93,2,502001,06,085,71.1,12.5,6.3,4.1,3.2,2.8
1059,95129,CA,37.31,-122.0,1,508004,06,085,71.8,9.4,10.4,0.0,1.4,7.0
1060,95138,CA,37.25,-121.74,1,512001,06,085,77.7,9.7,7.2,1.1,0.0,4.3
1061,95340,CA,37.4,-120.4,9,001901,06,047,67.8,24.4,0.0,4.0,0.0,3.8
1062,95348,CA,37.4,-120.5,3,002500,06,047,83.3,8.0,0.0,1.7,0.0,7.0
1063,95355,CA,37.67,-120.94,1,000911,06,099,83.9,6.4,2.6,1.0,1.5,4.5
1064,95366,CA,37.76,-121.12,1,005003,06,077,83.8,9.9,0.0,0.8,0.0,5.5
1065,95377,CA,37.7,-121.6,1,451101,06,001,72.0,13.7,4.7,0.2,0.3,9.1
1066,95403,CA,38.51,-122.76,4,152701,06,097,78.2,9.3,0.6,0.5,2.8,8.5
1067,95448,CA,38.7,-122.9,3,154100,06,097,71.6,8.5,1.7,6.0,0.4,11.8
1068,95472,CA,38.4,-122.9,1,153600,06,097,74.2,13.7,0.4,1.1,0.7,9.8
1069,95521,CA,40.8,-124.1,1,000800,06,023,85.9,4.3,2.5,3.2,0.6,3.5
1070,95616,CA,38.56,-121.82,3,010505,06,113,64.9,12.0,5.6,1.5,7.2,8.8
1071,95618,CA,38.6,-121.7,1,010505,06,113,64.9,12.0,5.6,1.5,7.2,8.8
1072,95628,CA,38.66,-121.26,1,008008,06,067,77.9,7.3,3.3,0.6,0.0,10.9
1073,95630,CA,38.67,-121.15,1,008506,06,067,77.8,12.8,0.8,2.7,1.5,4.4
1074,95661,CA,38.74,-121.26,1,020712,06,061,68.8,16.0,0.0,5.9,4.6,4.6
1075,95662,CA,38.68,-121.23,3,008203,06,067,79.3,10.5,2.1,0.2,0.5,7.3
1076,95695,CA,38.8,-121.9,1,011400,06,113,83.6,9.2,0.7,3.1,0.5,2.8
1077,95747,CA,38.78,-121.37,1,021322,06,061,77.8,10.9,0.2,0.8,0.3,10.0
1078,95816,CA,38.58,-121.47,1,000400,06,067,67.9,5.5,5.7,5.5,7.6,7.8
1079,95818,CA,38.56,-121.49,1,002300,06,067,73.2,5.1,2.0,4.7,8.4,6.5
1080,95819,CA,38.57,-121.44,1,000200,06,067,77.5,4.1,2.9,1.2,7.3,6.9
1081,95820,CA,38.54,-121.45,4,002900,06,067,81.4,3.0,6.4,2.9,2.1,4.3
1082,95864,CA,38.59,-121.38,1,005702,06,067,73.3,10.1,1.7,1.4,3.9,9.6
1083,96001,CA,40.6,-122.5,1,012400,06,089,83.5,5.3,0.4,2.1,0.0,8.8
1084,96022,CA,40.4,-122.4,1,012303,06,089,87.5,6.4,1.0,0.0,0.4,4.7
1085,96712,HI,21.64,-158.05,4,010100,15,003,73.6,11.2,2.5,0.8,0.7,11.2
1086,96790,HI,20.7,-156.2,2,030301,15,009,73.2,8.9,1.8,1.8,3.1,11.1
1087,96816,HI,21.3,-157.79,1,001000,15,003,80.5,11.4,4.3,0.0,1.7,2.1
1088,96817,HI,21.34,-157.84,3,004600,15,003,67.1,20.6,1.0,1.7,3.5,6.1
1089,96821,HI,21.3,-157.75,3,000301,15,003,73.9,18.4,1.1,0.0,0.5,6.1
1090,97006,OR,45.52,-122.86,1,031610,41,067,69.8,12.0,8.1,3.1,2.4,4.6
1091,97007,OR,45.45,-122.88,4,031804,41,067,76.1,7.7,5.5,0.0,0.7,9.9
1092,97009,OR,45.42,-122.34,1,023401,41,005,73.6,18.2,0.0,1.0,1.0,6.2
1093,97030,OR,45.51,-122.43,1,010405,41,051,71.4,11.1,10.4,1.0,0.7,5.3
1094,97034,OR,45.41,-122.68,2,020404,41,005,69.8,5.7,2.2,0.0,2.5,19.8
1095,97035,OR,45.41,-122.72,1,020200,41,005,75.6,8.4,3.4,1.0,0.0,11.5
1096,97062,OR,45.37,-122.76,1,032108,41,067,80.3,8.2,3.7,1.2,0.4,6.2
1097,97068,OR,45.34,-122.66,1,022702,41,005,80.3,5.1,0.5,2.9,0.0,11.2
1098,97140,OR,45.3,-122.9,1,030101,41,071,71.7,10.8,0.9,4.2,0.5,11.9
1099,97202,OR,45.48,-122.64,2,000301,41,051,47.1,6.1,13.5,15.1,7.8,10.4
1100,97205,OR,45.52,-122.7,1,004601,41,051,61.6,2.2,6.0,10.7,5.6,13.9
1101,97209,OR,45.53,-122.68,6,005100,41,051,36.6,1.4,15.3,22.0,12.1,12.5
1102,97210,OR,45.55,-122.73,2,004300,41,051,78.8,8.5,0.0,1.1,1.8,9.9
1103,97211,OR,45.58,-122.64,1,007300,41,051,46.6,0.0,7.9,28.7,10.9,5.9
1104,97212,OR,45.54,-122.64,2,002501,41,051,59.3,7.0,6.8,4.4,12.7,10.0
1105,97215,OR,45.51,-122.6,1,001601,41,051,60.0,7.6,11.4,4.1,4.6,12.3
1106,97218,OR,45.58,-122.59,1,007300,41,051,46.6,0.0,7.9,28.7,10.9,5.9
1107,97223,OR,45.45,-122.8,1,031006,41,067,68.8,7.1,9.7,6.3,3.4,4.8
1108,97227,OR,45.54,-122.68,1,002303,41,051,32.5,6.6,22.2,17.6,16.6,4.3
1109,97231,OR,45.7,-122.8,1,007100,41,051,70.6,5.6,4.9,0.0,1.7,17.1
1110,97267,OR,45.4,-122.62,2,021700,41,005,71.7,10.3,8.4,2.3,0.5,6.8
1111,97401,OR,44.07,-123.08,1,003000,41,039,70.0,15.2,0.6,2.3,4.1,7.9
1112,97504,OR,42.3,-122.8,1,000602,41,029,81.8,6.6,0.0,4.1,4.7,2.8
1113,97520,OR,42.2,-122.5,1,002500,41,029,70.6,6.8,0.0,2.6,0.3,19.8
1114,97702,OR,43.9,-121.3,4,000100,41,017,75.5,2.6,0.0,4.3,2.4,15.2
1115,97753,OR,44.2,-121.0,1,950300,41,013,77.2,11.5,0.0,5.7,1.9,3.6
1116,97801,OR,45.7,-118.8,1,950400,41,059,81.6,7.0,0.0,5.9,0.5,4.9
1117,97850,OR,45.2,-118.3,5,970600,41,061,70.7,7.3,1.6,13.4,3.5,3.5
1118,98006,WA,47.56,-122.15,1,024901,53,033,73.0,6.4,9.1,0.4,0.8,10.3
1119,98008,WA,47.61,-122.11,2,023000,53,033,73.2,6.2,9.6,0.4,1.5,9.1
1120,98014,WA,47.6,-121.9,1,032601,53,033,73.3,8.3,1.2,0.3,0.7,16.4
1121,98020,WA,47.81,-122.37,1,050500,53,061,73.1,8.6,6.5,3.1,1.8,6.8
1122,98021,WA,47.8,-122.2,1,051925,53,061,64.6,14.9,10.0,1.1,2.2,7.2
1123,98029,WA,47.56,-122.02,1,032212,53,033,54.5,19.3,11.5,1.5,0.6,12.6
1124,98034,WA,47.72,-122.21,1,022202,53,033,66.5,9.7,8.8,2.0,2.3,10.6
1125,98040,WA,47.56,-122.23,4,024601,53,033,68.9,8.4,5.6,0.9,3.7,12.4
1126,98058,WA,47.44,-122.12,2,031907,53,033,81.7,8.1,3.0,0.3,0.3,6.5
1127,98059,WA,47.5,-122.11,1,031903,53,033,75.3,11.7,4.7,0.4,0.5,7.3
1128,98102,WA,47.64,-122.33,3,006100,53,033,50.9,7.7,20.0,6.6,8.2,6.7
1129,98103,WA,47.67,-122.34,1,004600,53,033,53.2,5.1,20.4,3.0,7.7,10.7
1130,98105,WA,47.66,-122.3,1,005302,53,033,11.6,5.6,24.1,27.4,1.4,29.8
1131,98109,WA,47.63,-122.34,1,006700,53,033,36.6,6.9,19.3,22.4,8.3,6.5
1132,98110,WA,47.6,-122.5,2,091000,53,035,44.5,5.1,19.3,1.1,4.3,25.7
1133,98112,WA,47.62,-122.3,2,007700,53,033,43.6,10.2,28.7,6.1,4.5,6.9
1134,98115,WA,47.68,-122.29,3,003900,53,033,58.1,9.3,14.0,3.3,5.8,9.6
1135,98117,WA,47.69,-122.38,1,003000,53,033,54.9,10.6,16.6,2.4,5.9,9.6
1136,98118,WA,47.55,-122.26,2,010200,53,033,62.9,5.8,13.8,0.7,5.8,11.0
1137,98121,WA,47.61,-122.35,1,008001,53,033,30.9,1.7,18.9,38.6,3.4,6.5
1138,98133,WA,47.74,-122.34,1,021000,53,033,67.2,12.3,11.5,1.8,2.3,4.9
1139,98144,WA,47.58,-122.3,2,010001,53,033,49.7,5.9,26.9,1.6,7.2,8.5
1140,98275,WA,47.91,-122.3,1,042001,53,061,73.0,10.0,4.7,0.8,3.7,7.8
1141,98366,WA,47.5,-122.6,1,092801,53,035,74.5,11.0,9.3,0.6,3.1,1.5
1142,98370,WA,47.8,-122.6,1,090202,53,035,77.5,2.7,5.1,2.1,3.2,9.3
1143,98383,WA,47.68,-122.71,1,090300,53,035,52.1,2.9,9.6,32.0,0.8,2.5
1144,98405,WA,47.25,-122.47,1,061200,53,053,74.8,4.1,10.6,3.9,3.6,3.1
1145,98466,WA,47.22,-122.54,2,072307,53,053,85.8,6.8,1.3,1.6,1.1,3.4
1146,98503,WA,47.03,-122.8,2,011410,53,067,77.9,9.9,2.7,1.1,3.4,4.9
1147,98592,WA,47.32,-123.06,1,960500,53,045,77.8,13.7,0.0,1.0,0.9,6.6
1148,98607,WA,45.7,-122.4,1,040603,53,011,80.3,8.3,0.9,0.0,1.1,9.4
1149,98685,WA,45.72,-122.69,1,040909,53,011,88.5,5.9,1.1,0.0,1.2,3.4
1150,98802,WA,47.5,-120.2,3,950200,53,017,83.2,2.8,0.0,6.4,1.8,5.8
1151,98815,WA,47.5,-120.5,1,960500,53,007,78.7,5.3,3.3,5.2,0.5,6.9
1152,98826,WA,47.7,-120.8,1,960200,53,007,66.4,11.4,0.8,4.3,3.5,13.6
1153,98921,WA,46.4,-120.2,1,002200,53,077,78.3,13.8,1.0,1.3,0.0,5.5
1154,99201,WA,47.66,-117.44,1,002300,53,063,67.7,10.9,4.9,7.6,0.6,8.3
1155,99203,WA,47.63,-117.41,1,004200,53,063,77.5,9.1,4.0,0.7,3.3,5.4
1156,99354,WA,46.5,-119.5,4,012000,53,005,-666666666.0,-666666666.0,-666666666.0,-666666666.0,-666666666.0,-666666666.0
1157,99362,WA,46.1,-118.3,2,920200,53,071,78.3,13.2,0.6,3.3,0.5,4.0
1158,99654,AK,61.6,-149.4,1,000705,02,170,79.9,9.1,1.4,0.6,6.2,2.8
1159,99801,AK,58.0,-134.0,4,000300,02,105,37.7,9.4,3.0,32.3,7.6,9.9
